host,protocol,title,domain,link
https://class.dxy.cn,https,丁香公开课 - 丁香园,dxy.cn,https://class.dxy.cn
https://open.dxy.cn,https,丁香园-医疗数据开放平台,dxy.cn,https://open.dxy.cn
https://wechat.dxy.cn,https,登录 - WeChat,dxy.cn,https://wechat.dxy.cn
https://ncov.dxy.cn,https,新冠防疫专区 - 丁香园·丁香医生,dxy.cn,https://ncov.dxy.cn
https://y.dxy.cn,https,医院汇－医疗行业品牌运营专家,dxy.cn,https://y.dxy.cn
https://app.dxy.cn,https,丁香无线,dxy.cn,https://app.dxy.cn
https://drugs.dxy.cn,https,丁香园用药助手,dxy.cn,https://drugs.dxy.cn
https://vote.dxy.cn,https,用来自临床一线医生的数字说话-丁香调查,dxy.cn,https://vote.dxy.cn
https://db.dxy.cn,https,丁香园 Insight 数据库,dxy.cn,https://db.dxy.cn
https://auth.dxy.cn,https,登录,dxy.cn,https://auth.dxy.cn
https://search.dxy.cn,https,丁香园搜索,dxy.cn,https://search.dxy.cn
https://e.dxy.cn,https,丁香智汇,dxy.cn,https://e.dxy.cn
https://www.dxy.cn,https,丁香园_医疗领域的连接者_丁香园生物医药科技网,dxy.cn,https://www.dxy.cn
millipore.dxy.cn,http,"默克密理博2010年快乐""膜""术师评选活动",dxy.cn,http://millipore.dxy.cn
https://index.dxy.cn,https,监测平台,dxy.cn,https://index.dxy.cn
index.dxy.cn,http,监测平台,dxy.cn,http://index.dxy.cn
hematology-lecture2010.dxy.cn,http,血液肿瘤专题讲座暨病例讨论活动,dxy.cn,http://hematology-lecture2010.dxy.cn
wash.dxy.cn,http,盐与健康世界行动(WASH),dxy.cn,http://wash.dxy.cn
https://sim.dxy.cn,https,登录 - SIM,dxy.cn,https://sim.dxy.cn
ebd.dxy.cn,http,网站建设中...,dxy.cn,http://ebd.dxy.cn
https://h.dxy.cn,https,,dxy.cn,https://h.dxy.cn
navigator.dxy.cn,http,Early和Navigator专区,dxy.cn,http://navigator.dxy.cn
basalinsulin.dxy.cn,http,基础胰岛素频道,dxy.cn,http://basalinsulin.dxy.cn
https://edit.www.dxy.cn,https,,dxy.cn,https://edit.www.dxy.cn
edit.www.dxy.cn,http,,dxy.cn,http://edit.www.dxy.cn
upload.ccm.dxy.cn,http,,dxy.cn,http://upload.ccm.dxy.cn
download.dental.dxy.cn,http,,dxy.cn,http://download.dental.dxy.cn
https://upload.www.dxy.cn,https,,dxy.cn,https://upload.www.dxy.cn
ncov.dxy.cn,http,新冠防疫专区 - 丁香园·丁香医生,dxy.cn,http://ncov.dxy.cn
edit.radiol.dxy.cn,http,,dxy.cn,http://edit.radiol.dxy.cn
upload.meeting.dxy.cn,http,,dxy.cn,http://upload.meeting.dxy.cn
download.psych.dxy.cn,http,,dxy.cn,http://download.psych.dxy.cn
https://edit.neurosurg.dxy.cn,https,,dxy.cn,https://edit.neurosurg.dxy.cn
upload.www.dxy.cn,http,,dxy.cn,http://upload.www.dxy.cn
download.otol.dxy.cn,http,,dxy.cn,http://download.otol.dxy.cn
https://upload.pediatr.dxy.cn,https,,dxy.cn,https://upload.pediatr.dxy.cn
https://www.upload.dxy.cn,https,,dxy.cn,https://www.upload.dxy.cn
https://download.pediatr.dxy.cn,https,,dxy.cn,https://download.pediatr.dxy.cn
upload.ultrasound.dxy.cn,http,,dxy.cn,http://upload.ultrasound.dxy.cn
edit.neurosurg.dxy.cn,http,,dxy.cn,http://edit.neurosurg.dxy.cn
https://download.rehab.dxy.cn,https,,dxy.cn,https://download.rehab.dxy.cn
https://upload.meeting.dxy.cn,https,,dxy.cn,https://upload.meeting.dxy.cn
https://upload.anesth.dxy.cn,https,,dxy.cn,https://upload.anesth.dxy.cn
download.rehab.dxy.cn,http,,dxy.cn,http://download.rehab.dxy.cn
https://download.dental.dxy.cn,https,,dxy.cn,https://download.dental.dxy.cn
https://upload.thorac.dxy.cn,https,,dxy.cn,https://upload.thorac.dxy.cn
upload.hematol.dxy.cn,http,,dxy.cn,http://upload.hematol.dxy.cn
upload.thorac.dxy.cn,http,,dxy.cn,http://upload.thorac.dxy.cn
download.email.dxy.cn,http,,dxy.cn,http://download.email.dxy.cn
edit.nurs.dxy.cn,http,,dxy.cn,http://edit.nurs.dxy.cn
https://edit.nurs.dxy.cn,https,,dxy.cn,https://edit.nurs.dxy.cn
reset.dxy.cn,http,,dxy.cn,http://reset.dxy.cn
contest.dxy.cn,http,2009乙肝耐药知识全国挑战赛,dxy.cn,http://contest.dxy.cn
edit.dental.dxy.cn,http,,dxy.cn,http://edit.dental.dxy.cn
https://upload.hematology-lecture2010.dxy.cn,https,,dxy.cn,https://upload.hematology-lecture2010.dxy.cn
download.nagios.hebei.dxy.cn,http,,dxy.cn,http://download.nagios.hebei.dxy.cn
https://download.oa.maswafa.dxy.cn,https,,dxy.cn,https://download.oa.maswafa.dxy.cn
https://upload.e.merybracho.dxy.cn,https,,dxy.cn,https://upload.e.merybracho.dxy.cn
https://download.c46i1aosm37t3od6m1b0.dxy.cn,https,,dxy.cn,https://download.c46i1aosm37t3od6m1b0.dxy.cn
download.api.referrals.dxy.cn,http,,dxy.cn,http://download.api.referrals.dxy.cn
https://upload.cardiovascular.dxy.cn,https,,dxy.cn,https://upload.cardiovascular.dxy.cn
upload.cardiovascular.dxy.cn,http,,dxy.cn,http://upload.cardiovascular.dxy.cn
https://download.basalinsulin.dxy.cn,https,,dxy.cn,https://download.basalinsulin.dxy.cn
download.c46i1aosm37t3od6m1b0.dxy.cn,http,,dxy.cn,http://download.c46i1aosm37t3od6m1b0.dxy.cn
download.assets.ms2.dxy.cn,http,,dxy.cn,http://download.assets.ms2.dxy.cn
upload.e.merybracho.dxy.cn,http,,dxy.cn,http://upload.e.merybracho.dxy.cn
https://download.assets.ms2.dxy.cn,https,,dxy.cn,https://download.assets.ms2.dxy.cn
https://upload.rehab.dxy.cn,https,,dxy.cn,https://upload.rehab.dxy.cn
assets.edit.host4.dxy.cn,http,,dxy.cn,http://assets.edit.host4.dxy.cn
https://todclb.reset.dxy.cn,https,,dxy.cn,https://todclb.reset.dxy.cn
https://dev1.upload.so.6d.dxy.cn,https,,dxy.cn,https://dev1.upload.so.6d.dxy.cn
https://exchange.edit.host4.dxy.cn,https,,dxy.cn,https://exchange.edit.host4.dxy.cn
exchange.edit.host4.dxy.cn,http,,dxy.cn,http://exchange.edit.host4.dxy.cn
upload.psych.dxy.cn,http,,dxy.cn,http://upload.psych.dxy.cn
upload.rehab.dxy.cn,http,,dxy.cn,http://upload.rehab.dxy.cn
edit.psych.dxy.cn,http,,dxy.cn,http://edit.psych.dxy.cn
https://bugzilla.edit.host4.dxy.cn,https,,dxy.cn,https://bugzilla.edit.host4.dxy.cn
https://edit.upload.so.6d.dxy.cn,https,,dxy.cn,https://edit.upload.so.6d.dxy.cn
dev1.upload.so.6d.dxy.cn,http,,dxy.cn,http://dev1.upload.so.6d.dxy.cn
https://assets.edit.host4.dxy.cn,https,,dxy.cn,https://assets.edit.host4.dxy.cn
https://upload.psych.dxy.cn,https,,dxy.cn,https://upload.psych.dxy.cn
edit.upload.so.6d.dxy.cn,http,,dxy.cn,http://edit.upload.so.6d.dxy.cn
todclb.reset.dxy.cn,http,,dxy.cn,http://todclb.reset.dxy.cn
https://upload.api.madison.dxy.cn,https,,dxy.cn,https://upload.api.madison.dxy.cn
bugzilla.edit.host4.dxy.cn,http,,dxy.cn,http://bugzilla.edit.host4.dxy.cn
https://upload.c2vhcmnobg9n.dxy.cn,https,,dxy.cn,https://upload.c2vhcmnobg9n.dxy.cn
https://upload.srvc17.dxy.cn,https,,dxy.cn,https://upload.srvc17.dxy.cn
download.happy.dxy.cn,http,,dxy.cn,http://download.happy.dxy.cn
upload.srvc17.dxy.cn,http,,dxy.cn,http://upload.srvc17.dxy.cn
https://edit.flesler.dxy.cn,https,,dxy.cn,https://edit.flesler.dxy.cn
https://download.addison.dxy.cn,https,,dxy.cn,https://download.addison.dxy.cn
https://upload.tranny.dxy.cn,https,429 Too Many Requests,dxy.cn,https://upload.tranny.dxy.cn
download.open.dxy.cn,http,,dxy.cn,http://download.open.dxy.cn
download.vsa.dxy.cn,http,,dxy.cn,http://download.vsa.dxy.cn
https://edit.broadcast.dxy.cn,https,,dxy.cn,https://edit.broadcast.dxy.cn
https://edit.artsurgery.dxy.cn,https,,dxy.cn,https://edit.artsurgery.dxy.cn
https://live.edit.ird.dxy.cn,https,429 Too Many Requests,dxy.cn,https://live.edit.ird.dxy.cn
https://download.ihealth.dxy.cn,https,,dxy.cn,https://download.ihealth.dxy.cn
upload.opera.dxy.cn,http,,dxy.cn,http://upload.opera.dxy.cn
https://edit.meeting.dxy.cn,https,429 Too Many Requests,dxy.cn,https://edit.meeting.dxy.cn
live.edit.ird.dxy.cn,http,,dxy.cn,http://live.edit.ird.dxy.cn
https://download.otol.dxy.cn,https,429 Too Many Requests,dxy.cn,https://download.otol.dxy.cn
https://upload.johnny.dxy.cn,https,429 Too Many Requests,dxy.cn,https://upload.johnny.dxy.cn
https://edit.laboratory.dxy.cn,https,429 Too Many Requests,dxy.cn,https://edit.laboratory.dxy.cn
https://download.kirk.dxy.cn,https,,dxy.cn,https://download.kirk.dxy.cn
upload.paper.dxy.cn,http,,dxy.cn,http://upload.paper.dxy.cn
edit.radiology.dxy.cn,http,,dxy.cn,http://edit.radiology.dxy.cn
upload.tranny.dxy.cn,http,,dxy.cn,http://upload.tranny.dxy.cn
edit.pediatr.dxy.cn,http,,dxy.cn,http://edit.pediatr.dxy.cn
https://edit.smtpout2.dxy.cn,https,429 Too Many Requests,dxy.cn,https://edit.smtpout2.dxy.cn
download.addison.dxy.cn,http,,dxy.cn,http://download.addison.dxy.cn
upload.chest.dxy.cn,http,,dxy.cn,http://upload.chest.dxy.cn
https://download.mpzsjs.dxy.cn,https,429 Too Many Requests,dxy.cn,https://download.mpzsjs.dxy.cn
download.kirk.dxy.cn,http,,dxy.cn,http://download.kirk.dxy.cn
https://upload.paper.dxy.cn,https,429 Too Many Requests,dxy.cn,https://upload.paper.dxy.cn
edit.smtpout2.dxy.cn,http,,dxy.cn,http://edit.smtpout2.dxy.cn
download.yao.dxy.cn,http,,dxy.cn,http://download.yao.dxy.cn
https://download.vsa.dxy.cn,https,,dxy.cn,https://download.vsa.dxy.cn
https://edit.allianz.dxy.cn,https,429 Too Many Requests,dxy.cn,https://edit.allianz.dxy.cn
edit.flesler.dxy.cn,http,,dxy.cn,http://edit.flesler.dxy.cn
edit.broadcast.dxy.cn,http,,dxy.cn,http://edit.broadcast.dxy.cn
https://download.nurs.dxy.cn,https,,dxy.cn,https://download.nurs.dxy.cn
download.contest.dxy.cn,http,,dxy.cn,http://download.contest.dxy.cn
upload.wechat.dxy.cn,http,,dxy.cn,http://upload.wechat.dxy.cn
https://edit.radiology.dxy.cn,https,429 Too Many Requests,dxy.cn,https://edit.radiology.dxy.cn
web.download.dxy.cn,http,,dxy.cn,http://web.download.dxy.cn
https://upload.chest.dxy.cn,https,429 Too Many Requests,dxy.cn,https://upload.chest.dxy.cn
https://download.happy.dxy.cn,https,,dxy.cn,https://download.happy.dxy.cn
https://connect.edit.ird.dxy.cn,https,,dxy.cn,https://connect.edit.ird.dxy.cn
https://backup.edit.ird.dxy.cn,https,429 Too Many Requests,dxy.cn,https://backup.edit.ird.dxy.cn
https://upload.bz1lb.dxy.cn,https,429 Too Many Requests,dxy.cn,https://upload.bz1lb.dxy.cn
upload.share.amp.dxy.cn,http,,dxy.cn,http://upload.share.amp.dxy.cn
upload.johnny.dxy.cn,http,,dxy.cn,http://upload.johnny.dxy.cn
download.ihealth.dxy.cn,http,,dxy.cn,http://download.ihealth.dxy.cn
upload.derm.dxy.cn,http,,dxy.cn,http://upload.derm.dxy.cn
monitor.edit.ird.dxy.cn,http,,dxy.cn,http://monitor.edit.ird.dxy.cn
https://count.edit.ird.dxy.cn,https,,dxy.cn,https://count.edit.ird.dxy.cn
backup.edit.ird.dxy.cn,http,,dxy.cn,http://backup.edit.ird.dxy.cn
edit.meeting.dxy.cn,http,,dxy.cn,http://edit.meeting.dxy.cn
download.mpzsjs.dxy.cn,http,,dxy.cn,http://download.mpzsjs.dxy.cn
download.nurs.dxy.cn,http,,dxy.cn,http://download.nurs.dxy.cn
https://download.simqa.dxy.cn,https,,dxy.cn,https://download.simqa.dxy.cn
https://upload.share.amp.dxy.cn,https,429 Too Many Requests,dxy.cn,https://upload.share.amp.dxy.cn
upload.foods.dxy.cn,http,,dxy.cn,http://upload.foods.dxy.cn
https://download.contest.dxy.cn,https,429 Too Many Requests,dxy.cn,https://download.contest.dxy.cn
https://upload.derm.dxy.cn,https,429 Too Many Requests,dxy.cn,https://upload.derm.dxy.cn
upload.newdrugs.dxy.cn,http,429 Too Many Requests,dxy.cn,http://upload.newdrugs.dxy.cn
count.edit.ird.dxy.cn,http,429 Too Many Requests,dxy.cn,http://count.edit.ird.dxy.cn
https://download.sim.dxy.cn,https,,dxy.cn,https://download.sim.dxy.cn
edit.hematol.dxy.cn,http,,dxy.cn,http://edit.hematol.dxy.cn
https://gm.edit.ird.dxy.cn,https,,dxy.cn,https://gm.edit.ird.dxy.cn
https://upload.file.dxy.cn,https,429 Too Many Requests,dxy.cn,https://upload.file.dxy.cn
download.ask.dxy.cn,http,429 Too Many Requests,dxy.cn,http://download.ask.dxy.cn
https://edit.device.dxy.cn,https,,dxy.cn,https://edit.device.dxy.cn
https://edit.dental.dxy.cn,https,429 Too Many Requests,dxy.cn,https://edit.dental.dxy.cn
upload.infect.dxy.cn,http,,dxy.cn,http://upload.infect.dxy.cn
edit.jieyan.dxy.cn,http,,dxy.cn,http://edit.jieyan.dxy.cn
https://upload.foods.dxy.cn,https,429 Too Many Requests,dxy.cn,https://upload.foods.dxy.cn
https://upload.open.dxy.cn,https,,dxy.cn,https://upload.open.dxy.cn
https://download.gtc.dxy.cn,https,429 Too Many Requests,dxy.cn,https://download.gtc.dxy.cn
edm.edit.ird.dxy.cn,http,,dxy.cn,http://edm.edit.ird.dxy.cn
upload.open.dxy.cn,http,,dxy.cn,http://upload.open.dxy.cn
https://edm.edit.ird.dxy.cn,https,,dxy.cn,https://edm.edit.ird.dxy.cn
download.gaz.dxy.cn,http,,dxy.cn,http://download.gaz.dxy.cn
https://edit.fanclub.dxy.cn,https,429 Too Many Requests,dxy.cn,https://edit.fanclub.dxy.cn
https://download.gg.dxy.cn,https,429 Too Many Requests,dxy.cn,https://download.gg.dxy.cn
download.vpn2.dxy.cn,http,,dxy.cn,http://download.vpn2.dxy.cn
edit.dev-api.dxy.cn,http,,dxy.cn,http://edit.dev-api.dxy.cn
middle.upload.dxy.cn,http,,dxy.cn,http://middle.upload.dxy.cn
https://edit.dev-api.dxy.cn,https,,dxy.cn,https://edit.dev-api.dxy.cn
https://download.vpn2.dxy.cn,https,,dxy.cn,https://download.vpn2.dxy.cn
upload.janus.dxy.cn,http,,dxy.cn,http://upload.janus.dxy.cn
dev.edit.ird.dxy.cn,http,429 Too Many Requests,dxy.cn,http://dev.edit.ird.dxy.cn
https://edit.alumni.dxy.cn,https,,dxy.cn,https://edit.alumni.dxy.cn
https://middle.upload.dxy.cn,https,429 Too Many Requests,dxy.cn,https://middle.upload.dxy.cn
https://download.ask.dxy.cn,https,,dxy.cn,https://download.ask.dxy.cn
https://download.gaz.dxy.cn,https,,dxy.cn,https://download.gaz.dxy.cn
download.gtc.dxy.cn,http,,dxy.cn,http://download.gtc.dxy.cn
www.download.dxy.cn,http,429 Too Many Requests,dxy.cn,http://www.download.dxy.cn
edit.fanclub.dxy.cn,http,,dxy.cn,http://edit.fanclub.dxy.cn
upload.ns1.dxy.cn,http,,dxy.cn,http://upload.ns1.dxy.cn
https://edit.relax.dxy.cn,https,,dxy.cn,https://edit.relax.dxy.cn
edit.device.dxy.cn,http,429 Too Many Requests,dxy.cn,http://edit.device.dxy.cn
upload.cert.dxy.cn,http,,dxy.cn,http://upload.cert.dxy.cn
https://password.dxy.cn,https,,dxy.cn,https://password.dxy.cn
upload.baidu.dxy.cn,http,429 Too Many Requests,dxy.cn,http://upload.baidu.dxy.cn
https://vsqa.reset.dxy.cn,https,429 Too Many Requests,dxy.cn,https://vsqa.reset.dxy.cn
gm.edit.ird.dxy.cn,http,,dxy.cn,http://gm.edit.ird.dxy.cn
https://edit.rehab.dxy.cn,https,,dxy.cn,https://edit.rehab.dxy.cn
https://upload.t1.dxy.cn,https,,dxy.cn,https://upload.t1.dxy.cn
https://edit.ns55.dxy.cn,https,429 Too Many Requests,dxy.cn,https://edit.ns55.dxy.cn
https://upload.animal.dxy.cn,https,,dxy.cn,https://upload.animal.dxy.cn
https://edit.simqa.dxy.cn,https,,dxy.cn,https://edit.simqa.dxy.cn
https://edit.surg.dxy.cn,https,429 Too Many Requests,dxy.cn,https://edit.surg.dxy.cn
edit.relax.dxy.cn,http,,dxy.cn,http://edit.relax.dxy.cn
download.sim.dxy.cn,http,429 Too Many Requests,dxy.cn,http://download.sim.dxy.cn
upload.animal.dxy.cn,http,429 Too Many Requests,dxy.cn,http://upload.animal.dxy.cn
https://upload.ufa.dxy.cn,https,,dxy.cn,https://upload.ufa.dxy.cn
vsqa.reset.dxy.cn,http,,dxy.cn,http://vsqa.reset.dxy.cn
https://upload.sim.dxy.cn,https,,dxy.cn,https://upload.sim.dxy.cn
password.dxy.cn,http,,dxy.cn,http://password.dxy.cn
edit.mpzsjs.dxy.cn,http,,dxy.cn,http://edit.mpzsjs.dxy.cn
upload.t1.dxy.cn,http,,dxy.cn,http://upload.t1.dxy.cn
edit.ns55.dxy.cn,http,,dxy.cn,http://edit.ns55.dxy.cn
edit.vote.dxy.cn,http,,dxy.cn,http://edit.vote.dxy.cn
upload.ufa.dxy.cn,http,,dxy.cn,http://upload.ufa.dxy.cn
edit.simqa.dxy.cn,http,,dxy.cn,http://edit.simqa.dxy.cn
edit.a.ns.dxy.cn,http,,dxy.cn,http://edit.a.ns.dxy.cn
edit.happy.dxy.cn,http,,dxy.cn,http://edit.happy.dxy.cn
edit.surg.dxy.cn,http,,dxy.cn,http://edit.surg.dxy.cn
https://upload.ns2.dxy.cn,https,,dxy.cn,https://upload.ns2.dxy.cn
edit.rehab.dxy.cn,http,,dxy.cn,http://edit.rehab.dxy.cn
https://edit.obgyn.dxy.cn,https,,dxy.cn,https://edit.obgyn.dxy.cn
https://edit.happy.dxy.cn,https,,dxy.cn,https://edit.happy.dxy.cn
https://edit.paper.dxy.cn,https,,dxy.cn,https://edit.paper.dxy.cn
upload.jcc.dxy.cn,http,,dxy.cn,http://upload.jcc.dxy.cn
edit.index.dxy.cn,http,,dxy.cn,http://edit.index.dxy.cn
edit.obgyn.dxy.cn,http,,dxy.cn,http://edit.obgyn.dxy.cn
download.h.dxy.cn,http,,dxy.cn,http://download.h.dxy.cn
edit.paper.dxy.cn,http,429 Too Many Requests,dxy.cn,http://edit.paper.dxy.cn
edit.ophth.dxy.cn,http,,dxy.cn,http://edit.ophth.dxy.cn
https://edit.ebd.dxy.cn,https,429 Too Many Requests,dxy.cn,https://edit.ebd.dxy.cn
edit.ebd.dxy.cn,http,,dxy.cn,http://edit.ebd.dxy.cn
edit.hao.dxy.cn,http,,dxy.cn,http://edit.hao.dxy.cn
https://edit.hao.dxy.cn,https,429 Too Many Requests,dxy.cn,https://edit.hao.dxy.cn
edit.kz.dxy.cn,http,429 Too Many Requests,dxy.cn,http://edit.kz.dxy.cn
https://edit.kz.dxy.cn,https,,dxy.cn,https://edit.kz.dxy.cn
xinji.reset.dxy.cn,http,,dxy.cn,http://xinji.reset.dxy.cn
https://download.web.pediatr.dxy.cn,https,,dxy.cn,https://download.web.pediatr.dxy.cn
edit.infect.dxy.cn,http,,dxy.cn,http://edit.infect.dxy.cn
https://edit.infect.dxy.cn,https,,dxy.cn,https://edit.infect.dxy.cn
https://admin.upload.search.dxy.cn,https,,dxy.cn,https://admin.upload.search.dxy.cn
edit.rheum.dxy.cn,http,,dxy.cn,http://edit.rheum.dxy.cn
https://download.edit.host4.dxy.cn,https,,dxy.cn,https://download.edit.host4.dxy.cn
dev.admin.upload.search.dxy.cn,http,,dxy.cn,http://dev.admin.upload.search.dxy.cn
upload.master.test2.oantitripa.dxy.cn,http,,dxy.cn,http://upload.master.test2.oantitripa.dxy.cn
yyyyyyyyym.2.download.www.y.dxy.cn,http,,dxy.cn,http://yyyyyyyyym.2.download.www.y.dxy.cn
2.download.www.y.dxy.cn,http,,dxy.cn,http://2.download.www.y.dxy.cn
test2.upload.jtebaise.dxy.cn,http,,dxy.cn,http://test2.upload.jtebaise.dxy.cn
https://wx.upload.jolijou.dxy.cn,https,,dxy.cn,https://wx.upload.jolijou.dxy.cn
download.oantitripa.dxy.cn,http,,dxy.cn,http://download.oantitripa.dxy.cn
edit.zabbix.referrals.dxy.cn,http,,dxy.cn,http://edit.zabbix.referrals.dxy.cn
https://download.mgr.ird.dxy.cn,https,,dxy.cn,https://download.mgr.ird.dxy.cn
autodiscover.api.edit.rheum.dxy.cn,http,,dxy.cn,http://autodiscover.api.edit.rheum.dxy.cn
https://data.download.pipombo.dxy.cn,https,,dxy.cn,https://data.download.pipombo.dxy.cn
https://live.search.download.mall.dxy.cn,https,,dxy.cn,https://live.search.download.mall.dxy.cn
https://upload.w.qnoyzone.dxy.cn,https,,dxy.cn,https://upload.w.qnoyzone.dxy.cn
console.upload.jolijou.dxy.cn,http,,dxy.cn,http://console.upload.jolijou.dxy.cn
https://res.edit.ird.dxy.cn,https,,dxy.cn,https://res.edit.ird.dxy.cn
res.edit.ird.dxy.cn,http,,dxy.cn,http://res.edit.ird.dxy.cn
upload.js.referrals.dxy.cn,http,,dxy.cn,http://upload.js.referrals.dxy.cn
upload.mssql01.dxy.cn,http,,dxy.cn,http://upload.mssql01.dxy.cn
edit.edm.ytudomais.dxy.cn,http,,dxy.cn,http://edit.edm.ytudomais.dxy.cn
https://c.upload.jtebaise.dxy.cn,https,,dxy.cn,https://c.upload.jtebaise.dxy.cn
upload.en.forum.ird.dxy.cn,http,,dxy.cn,http://upload.en.forum.ird.dxy.cn
https://download.imagesbypc.dxy.cn,https,,dxy.cn,https://download.imagesbypc.dxy.cn
tool.edit.ird.dxy.cn,http,,dxy.cn,http://tool.edit.ird.dxy.cn
https://download.imchat.dxy.cn,https,,dxy.cn,https://download.imchat.dxy.cn
zhidao.edit.ird.dxy.cn,http,,dxy.cn,http://zhidao.edit.ird.dxy.cn
edit.en.forum.ird.dxy.cn,http,,dxy.cn,http://edit.en.forum.ird.dxy.cn
edit.vote.madison.dxy.cn,http,,dxy.cn,http://edit.vote.madison.dxy.cn
edit.mysql.websrv.dxy.cn,http,,dxy.cn,http://edit.mysql.websrv.dxy.cn
https://upload.muggenbeet.dxy.cn,https,,dxy.cn,https://upload.muggenbeet.dxy.cn
https://upload.ultrasound.dxy.cn,https,,dxy.cn,https://upload.ultrasound.dxy.cn
https://m.2.download.www.y.dxy.cn,https,,dxy.cn,https://m.2.download.www.y.dxy.cn
https://s.edit.nurs.dxy.cn,https,,dxy.cn,https://s.edit.nurs.dxy.cn
upload.old.m13.dxy.cn,http,,dxy.cn,http://upload.old.m13.dxy.cn
https://edit.nagios.mtv.dxy.cn,https,,dxy.cn,https://edit.nagios.mtv.dxy.cn
edit.vip.wesfilmes.dxy.cn,http,,dxy.cn,http://edit.vip.wesfilmes.dxy.cn
download.mall.dxy.cn,http,,dxy.cn,http://download.mall.dxy.cn
https://data.download.www.y.dxy.cn,https,,dxy.cn,https://data.download.www.y.dxy.cn
https://edit.rheum.dxy.cn,https,,dxy.cn,https://edit.rheum.dxy.cn
jira.download.pipombo.dxy.cn,http,,dxy.cn,http://jira.download.pipombo.dxy.cn
https://edit.cache.help.assets.portal.dxy.cn,https,,dxy.cn,https://edit.cache.help.assets.portal.dxy.cn
https://download.console.willysr.dxy.cn,https,,dxy.cn,https://download.console.willysr.dxy.cn
https://zip.webht.edit.weixin.assets.portal.dxy.cn,https,,dxy.cn,https://zip.webht.edit.weixin.assets.portal.dxy.cn
edit.list.sochineny.dxy.cn,http,,dxy.cn,http://edit.list.sochineny.dxy.cn
https://toolbox.edit.ird.dxy.cn,https,,dxy.cn,https://toolbox.edit.ird.dxy.cn
https://download.live.merybracho.dxy.cn,https,,dxy.cn,https://download.live.merybracho.dxy.cn
b.upload.jolijou.dxy.cn,http,,dxy.cn,http://b.upload.jolijou.dxy.cn
https://upload.neurosurg.dxy.cn,https,,dxy.cn,https://upload.neurosurg.dxy.cn
https://download.oantitripa.dxy.cn,https,,dxy.cn,https://download.oantitripa.dxy.cn
https://webht.edit.weixin.assets.portal.dxy.cn,https,,dxy.cn,https://webht.edit.weixin.assets.portal.dxy.cn
https://download.toolbox.not-sofast.dxy.cn,https,,dxy.cn,https://download.toolbox.not-sofast.dxy.cn
https://wiki.data.download.www.y.dxy.cn,https,,dxy.cn,https://wiki.data.download.www.y.dxy.cn
https://yyyyyyyyym.2.download.www.y.dxy.cn,https,,dxy.cn,https://yyyyyyyyym.2.download.www.y.dxy.cn
https://download.betterday.users.dxy.cn,https,,dxy.cn,https://download.betterday.users.dxy.cn
https://sys.download.old.console.weixin.assets.portal.dxy.cn,https,,dxy.cn,https://sys.download.old.console.weixin.assets.portal.dxy.cn
download.ftp.websrv.dxy.cn,http,,dxy.cn,http://download.ftp.websrv.dxy.cn
nagios.upload.jtebaise.dxy.cn,http,,dxy.cn,http://nagios.upload.jtebaise.dxy.cn
db.upload.jolijou.dxy.cn,http,,dxy.cn,http://db.upload.jolijou.dxy.cn
https://download.wap.sys.www.y.dxy.cn,https,,dxy.cn,https://download.wap.sys.www.y.dxy.cn
download.toolbox.not-sofast.dxy.cn,http,,dxy.cn,http://download.toolbox.not-sofast.dxy.cn
https://download.static.merybracho.dxy.cn,https,,dxy.cn,https://download.static.merybracho.dxy.cn
edit.manager.sda.dxy.cn,http,,dxy.cn,http://edit.manager.sda.dxy.cn
https://edit.e.referrals.dxy.cn,https,,dxy.cn,https://edit.e.referrals.dxy.cn
scanner.download.pipombo.dxy.cn,http,,dxy.cn,http://scanner.download.pipombo.dxy.cn
https://db.upload.jolijou.dxy.cn,https,,dxy.cn,https://db.upload.jolijou.dxy.cn
https://download.passport.ms2.dxy.cn,https,,dxy.cn,https://download.passport.ms2.dxy.cn
https://test2.upload.jtebaise.dxy.cn,https,,dxy.cn,https://test2.upload.jtebaise.dxy.cn
https://autodiscover.api.edit.rheum.dxy.cn,https,,dxy.cn,https://autodiscover.api.edit.rheum.dxy.cn
https://lib.download.pipombo.dxy.cn,https,,dxy.cn,https://lib.download.pipombo.dxy.cn
https://edit.img01.crm.so.portal.dxy.cn,https,,dxy.cn,https://edit.img01.crm.so.portal.dxy.cn
upload.autodiscover.mobile.dxy.cn,http,,dxy.cn,http://upload.autodiscover.mobile.dxy.cn
download.static.merybracho.dxy.cn,http,,dxy.cn,http://download.static.merybracho.dxy.cn
https://upload.so.imchat.dxy.cn,https,,dxy.cn,https://upload.so.imchat.dxy.cn
https://s2.2.download.www.y.dxy.cn,https,,dxy.cn,https://s2.2.download.www.y.dxy.cn
https://union.upload.jtebaise.dxy.cn,https,,dxy.cn,https://union.upload.jtebaise.dxy.cn
https://upload.proxy.jira.meeting.dxy.cn,https,,dxy.cn,https://upload.proxy.jira.meeting.dxy.cn
yyyyyyyyyc.api.edit.rheum.dxy.cn,http,,dxy.cn,http://yyyyyyyyyc.api.edit.rheum.dxy.cn
upload.proxy.jira.meeting.dxy.cn,http,,dxy.cn,http://upload.proxy.jira.meeting.dxy.cn
https://sslvpn.s.oa.download.mall.dxy.cn,https,,dxy.cn,https://sslvpn.s.oa.download.mall.dxy.cn
rasilez.dxy.cn,http,锐思力（阿利吉仑）专区,dxy.cn,http://rasilez.dxy.cn
upload.neurosurg.dxy.cn,http,,dxy.cn,http://upload.neurosurg.dxy.cn
sys.download.old.console.weixin.assets.portal.dxy.cn,http,,dxy.cn,http://sys.download.old.console.weixin.assets.portal.dxy.cn
https://edit.ultrasound.dxy.cn,https,,dxy.cn,https://edit.ultrasound.dxy.cn
count.upload.jolijou.dxy.cn,http,,dxy.cn,http://count.upload.jolijou.dxy.cn
https://webht.api.edit.rheum.dxy.cn,https,,dxy.cn,https://webht.api.edit.rheum.dxy.cn
toolbox.edit.ird.dxy.cn,http,,dxy.cn,http://toolbox.edit.ird.dxy.cn
downloads.download.pipombo.dxy.cn,http,,dxy.cn,http://downloads.download.pipombo.dxy.cn
library.upload.jtebaise.dxy.cn,http,,dxy.cn,http://library.upload.jtebaise.dxy.cn
https://nagios.upload.jtebaise.dxy.cn,https,,dxy.cn,https://nagios.upload.jtebaise.dxy.cn
webht.api.edit.rheum.dxy.cn,http,,dxy.cn,http://webht.api.edit.rheum.dxy.cn
wx.upload.jolijou.dxy.cn,http,,dxy.cn,http://wx.upload.jolijou.dxy.cn
https://2.download.www.y.dxy.cn,https,,dxy.cn,https://2.download.www.y.dxy.cn
https://edit.zabbix.referrals.dxy.cn,https,,dxy.cn,https://edit.zabbix.referrals.dxy.cn
i.upload.jtebaise.dxy.cn,http,,dxy.cn,http://i.upload.jtebaise.dxy.cn
live.search.download.mall.dxy.cn,http,,dxy.cn,http://live.search.download.mall.dxy.cn
upload.so.imchat.dxy.cn,http,,dxy.cn,http://upload.so.imchat.dxy.cn
https://edit.webclient.dxy.cn,https,,dxy.cn,https://edit.webclient.dxy.cn
https://profile.edit.ird.dxy.cn,https,,dxy.cn,https://profile.edit.ird.dxy.cn
https://edit.ftp.willysr.dxy.cn,https,,dxy.cn,https://edit.ftp.willysr.dxy.cn
https://console.upload.jolijou.dxy.cn,https,,dxy.cn,https://console.upload.jolijou.dxy.cn
download.netflow.dxy.cn,http,,dxy.cn,http://download.netflow.dxy.cn
https://edit.radiol.dxy.cn,https,,dxy.cn,https://edit.radiol.dxy.cn
https://preview.edit.ird.dxy.cn,https,,dxy.cn,https://preview.edit.ird.dxy.cn
https://reset.dxy.cn,https,,dxy.cn,https://reset.dxy.cn
download.wechat.jtebaise.dxy.cn,http,,dxy.cn,http://download.wechat.jtebaise.dxy.cn
download.passport.ms2.dxy.cn,http,,dxy.cn,http://download.passport.ms2.dxy.cn
edit.ultrasound.dxy.cn,http,,dxy.cn,http://edit.ultrasound.dxy.cn
https://img02.data.download.www.y.dxy.cn,https,,dxy.cn,https://img02.data.download.www.y.dxy.cn
https://edit.bugs.qnoyzone.dxy.cn,https,,dxy.cn,https://edit.bugs.qnoyzone.dxy.cn
jieyan.dxy.cn,http,戒烟我先行_丁香园控烟专区,dxy.cn,http://jieyan.dxy.cn
edit.autodiscover.static.dxy.cn,http,,dxy.cn,http://edit.autodiscover.static.dxy.cn
https://share.download.web.pediatr.dxy.cn,https,,dxy.cn,https://share.download.web.pediatr.dxy.cn
https://download.preview.nyachii.dxy.cn,https,,dxy.cn,https://download.preview.nyachii.dxy.cn
https://edit.autodiscover.shop.dxy.cn,https,,dxy.cn,https://edit.autodiscover.shop.dxy.cn
union.upload.jtebaise.dxy.cn,http,,dxy.cn,http://union.upload.jtebaise.dxy.cn
download.lilly.dxy.cn,http,,dxy.cn,http://download.lilly.dxy.cn
bugzilla.upload.websrv.dxy.cn,http,,dxy.cn,http://bugzilla.upload.websrv.dxy.cn
ldap.edit.ird.dxy.cn,http,,dxy.cn,http://ldap.edit.ird.dxy.cn
edit.autodiscover.shop.dxy.cn,http,,dxy.cn,http://edit.autodiscover.shop.dxy.cn
https://control.upload.jtebaise.dxy.cn,https,,dxy.cn,https://control.upload.jtebaise.dxy.cn
preview.edit.ird.dxy.cn,http,,dxy.cn,http://preview.edit.ird.dxy.cn
https://edit.exchange.madison.dxy.cn,https,,dxy.cn,https://edit.exchange.madison.dxy.cn
https://download.feedback.ird.dxy.cn,https,,dxy.cn,https://download.feedback.ird.dxy.cn
https://upload.sochineny.dxy.cn,https,,dxy.cn,https://upload.sochineny.dxy.cn
download.novel66.dxy.cn,http,,dxy.cn,http://download.novel66.dxy.cn
https://edit.share.referrals.dxy.cn,https,,dxy.cn,https://edit.share.referrals.dxy.cn
upload.log.npb.dxy.cn,http,,dxy.cn,http://upload.log.npb.dxy.cn
upload.vote.dxy.cn,http,,dxy.cn,http://upload.vote.dxy.cn
control.upload.jtebaise.dxy.cn,http,,dxy.cn,http://control.upload.jtebaise.dxy.cn
upload.ihealth.dxy.cn,http,,dxy.cn,http://upload.ihealth.dxy.cn
https://edit.app.taiwanyes.dxy.cn,https,,dxy.cn,https://edit.app.taiwanyes.dxy.cn
edit.exchange.madison.dxy.cn,http,,dxy.cn,http://edit.exchange.madison.dxy.cn
https://edit.intensivemail.dxy.cn,https,,dxy.cn,https://edit.intensivemail.dxy.cn
https://edit.autodiscover.static.dxy.cn,https,,dxy.cn,https://edit.autodiscover.static.dxy.cn
https://edit.help.index.dxy.cn,https,,dxy.cn,https://edit.help.index.dxy.cn
download.boss.oantitripa.dxy.cn,http,,dxy.cn,http://download.boss.oantitripa.dxy.cn
edit.app.taiwanyes.dxy.cn,http,,dxy.cn,http://edit.app.taiwanyes.dxy.cn
https://download.novel66.dxy.cn,https,,dxy.cn,https://download.novel66.dxy.cn
download.merybracho.dxy.cn,http,,dxy.cn,http://download.merybracho.dxy.cn
https://upload.ms-panadol.dxy.cn,https,,dxy.cn,https://upload.ms-panadol.dxy.cn
https://edit.weixin.wiki.rehab.dxy.cn,https,,dxy.cn,https://edit.weixin.wiki.rehab.dxy.cn
res.upload.jolijou.dxy.cn,http,,dxy.cn,http://res.upload.jolijou.dxy.cn
https://upload.oa.jtebaise.dxy.cn,https,,dxy.cn,https://upload.oa.jtebaise.dxy.cn
https://web.edit.ird.dxy.cn,https,,dxy.cn,https://web.edit.ird.dxy.cn
https://download.img01.scs.dxy.cn,https,,dxy.cn,https://download.img01.scs.dxy.cn
https://updates.upload.jtebaise.dxy.cn,https,,dxy.cn,https://updates.upload.jtebaise.dxy.cn
https://cas.upload.jolijou.dxy.cn,https,,dxy.cn,https://cas.upload.jolijou.dxy.cn
edit.weixin.wiki.rehab.dxy.cn,http,,dxy.cn,http://edit.weixin.wiki.rehab.dxy.cn
https://demo.upload.jtebaise.dxy.cn,https,,dxy.cn,https://demo.upload.jtebaise.dxy.cn
https://download.superbpics.dxy.cn,https,,dxy.cn,https://download.superbpics.dxy.cn
https://download.portal.maswafa.dxy.cn,https,,dxy.cn,https://download.portal.maswafa.dxy.cn
upload.sys.sochineny.dxy.cn,http,,dxy.cn,http://upload.sys.sochineny.dxy.cn
upload.auth.masihangat.dxy.cn,http,,dxy.cn,http://upload.auth.masihangat.dxy.cn
https://edit.edm.ytudomais.dxy.cn,https,,dxy.cn,https://edit.edm.ytudomais.dxy.cn
edit.s2.jtebaise.dxy.cn,http,,dxy.cn,http://edit.s2.jtebaise.dxy.cn
https://edit.assets.nyachii.dxy.cn,https,,dxy.cn,https://edit.assets.nyachii.dxy.cn
https://download.mailgun.dxy.cn,https,,dxy.cn,https://download.mailgun.dxy.cn
https://download.infect.dxy.cn,https,,dxy.cn,https://download.infect.dxy.cn
upload.oa.jtebaise.dxy.cn,http,,dxy.cn,http://upload.oa.jtebaise.dxy.cn
https://download.rheum.dxy.cn,https,,dxy.cn,https://download.rheum.dxy.cn
upload.urol.dxy.cn,http,,dxy.cn,http://upload.urol.dxy.cn
download.img01.scs.dxy.cn,http,,dxy.cn,http://download.img01.scs.dxy.cn
https://www.upload.jolijou.dxy.cn,https,,dxy.cn,https://www.upload.jolijou.dxy.cn
https://bbs.upload.jtebaise.dxy.cn,https,,dxy.cn,https://bbs.upload.jtebaise.dxy.cn
upload.sochineny.dxy.cn,http,,dxy.cn,http://upload.sochineny.dxy.cn
weixin.upload.jtebaise.dxy.cn,http,,dxy.cn,http://weixin.upload.jtebaise.dxy.cn
upload.sapi.dxy.cn,http,,dxy.cn,http://upload.sapi.dxy.cn
o69iay0p.reset.dxy.cn,http,,dxy.cn,http://o69iay0p.reset.dxy.cn
scanner.upload.jtebaise.dxy.cn,http,,dxy.cn,http://scanner.upload.jtebaise.dxy.cn
download.imagesbypc.dxy.cn,http,,dxy.cn,http://download.imagesbypc.dxy.cn
https://upload.insurance-fsi2.dxy.cn,https,,dxy.cn,https://upload.insurance-fsi2.dxy.cn
vs.reset.dxy.cn,http,,dxy.cn,http://vs.reset.dxy.cn
edit.looter.dxy.cn,http,,dxy.cn,http://edit.looter.dxy.cn
https://upload.otol.dxy.cn,https,,dxy.cn,https://upload.otol.dxy.cn
image.edit.ird.dxy.cn,http,,dxy.cn,http://image.edit.ird.dxy.cn
https://download.gm.nyachii.dxy.cn,https,,dxy.cn,https://download.gm.nyachii.dxy.cn
upload.otol.dxy.cn,http,,dxy.cn,http://upload.otol.dxy.cn
scanner.upload.jolijou.dxy.cn,http,,dxy.cn,http://scanner.upload.jolijou.dxy.cn
updates.upload.jtebaise.dxy.cn,http,,dxy.cn,http://updates.upload.jtebaise.dxy.cn
upload.search.ms2.dxy.cn,http,,dxy.cn,http://upload.search.ms2.dxy.cn
https://download.it.maswafa.dxy.cn,https,,dxy.cn,https://download.it.maswafa.dxy.cn
sms.download.pipombo.dxy.cn,http,,dxy.cn,http://sms.download.pipombo.dxy.cn
download.infect.dxy.cn,http,,dxy.cn,http://download.infect.dxy.cn
edit.backup.referrals.dxy.cn,http,,dxy.cn,http://edit.backup.referrals.dxy.cn
https://edit.looter.dxy.cn,https,,dxy.cn,https://edit.looter.dxy.cn
https://upload.sso.ns58.dxy.cn,https,,dxy.cn,https://upload.sso.ns58.dxy.cn
https://res.upload.jolijou.dxy.cn,https,,dxy.cn,https://res.upload.jolijou.dxy.cn
git.upload.jtebaise.dxy.cn,http,,dxy.cn,http://git.upload.jtebaise.dxy.cn
https://download.excipient.dxy.cn,https,,dxy.cn,https://download.excipient.dxy.cn
https://weixin.upload.jtebaise.dxy.cn,https,,dxy.cn,https://weixin.upload.jtebaise.dxy.cn
demo.upload.jtebaise.dxy.cn,http,,dxy.cn,http://demo.upload.jtebaise.dxy.cn
https://edit.ftp.oe.dxy.cn,https,,dxy.cn,https://edit.ftp.oe.dxy.cn
edit.admin.wikimalay.dxy.cn,http,,dxy.cn,http://edit.admin.wikimalay.dxy.cn
https://ssh.download.pipombo.dxy.cn,https,,dxy.cn,https://ssh.download.pipombo.dxy.cn
https://upload.en.forum.ird.dxy.cn,https,,dxy.cn,https://upload.en.forum.ird.dxy.cn
https://download.router-uk.dxy.cn,https,,dxy.cn,https://download.router-uk.dxy.cn
https://edit.mysql.websrv.dxy.cn,https,,dxy.cn,https://edit.mysql.websrv.dxy.cn
https://upload.forum.sochineny.dxy.cn,https,,dxy.cn,https://upload.forum.sochineny.dxy.cn
https://pic.upload.jolijou.dxy.cn,https,,dxy.cn,https://pic.upload.jolijou.dxy.cn
https://downloads.edit.ird.dxy.cn,https,,dxy.cn,https://downloads.edit.ird.dxy.cn
https://download.app.npb.dxy.cn,https,,dxy.cn,https://download.app.npb.dxy.cn
ssh.download.pipombo.dxy.cn,http,,dxy.cn,http://ssh.download.pipombo.dxy.cn
upload.sso.ns58.dxy.cn,http,,dxy.cn,http://upload.sso.ns58.dxy.cn
download.rheum.dxy.cn,http,,dxy.cn,http://download.rheum.dxy.cn
download.portal.maswafa.dxy.cn,http,,dxy.cn,http://download.portal.maswafa.dxy.cn
edit.ldap.referrals.dxy.cn,http,,dxy.cn,http://edit.ldap.referrals.dxy.cn
https://ssh.upload.jolijou.dxy.cn,https,,dxy.cn,https://ssh.upload.jolijou.dxy.cn
download.mattermost.dxy.cn,http,,dxy.cn,http://download.mattermost.dxy.cn
cache.upload.jolijou.dxy.cn,http,,dxy.cn,http://cache.upload.jolijou.dxy.cn
download.c.addison.dxy.cn,http,,dxy.cn,http://download.c.addison.dxy.cn
https://edit.ldap.referrals.dxy.cn,https,,dxy.cn,https://edit.ldap.referrals.dxy.cn
https://download.oncol.dxy.cn,https,,dxy.cn,https://download.oncol.dxy.cn
web.edit.ird.dxy.cn,http,,dxy.cn,http://web.edit.ird.dxy.cn
https://upload.printed.dxy.cn,https,,dxy.cn,https://upload.printed.dxy.cn
https://download.rockmehard.dxy.cn,https,,dxy.cn,https://download.rockmehard.dxy.cn
https://edit.pay.dxy.cn,https,,dxy.cn,https://edit.pay.dxy.cn
https://git.upload.jtebaise.dxy.cn,https,,dxy.cn,https://git.upload.jtebaise.dxy.cn
t.zabbix.upload.jolijou.dxy.cn,http,,dxy.cn,http://t.zabbix.upload.jolijou.dxy.cn
https://upload.vote.madison.dxy.cn,https,,dxy.cn,https://upload.vote.madison.dxy.cn
https://e.upload.jolijou.dxy.cn,https,,dxy.cn,https://e.upload.jolijou.dxy.cn
https://upload.sapi.dxy.cn,https,,dxy.cn,https://upload.sapi.dxy.cn
ssh.upload.jolijou.dxy.cn,http,,dxy.cn,http://ssh.upload.jolijou.dxy.cn
https://edit.trakal.dxy.cn,https,,dxy.cn,https://edit.trakal.dxy.cn
sso.upload.jolijou.dxy.cn,http,,dxy.cn,http://sso.upload.jolijou.dxy.cn
https://download.engagements.dxy.cn,https,,dxy.cn,https://download.engagements.dxy.cn
wap.edit.drugcoverage.dxy.cn,http,,dxy.cn,http://wap.edit.drugcoverage.dxy.cn
https://download.c.addison.dxy.cn,https,,dxy.cn,https://download.c.addison.dxy.cn
edit.share.referrals.dxy.cn,http,,dxy.cn,http://edit.share.referrals.dxy.cn
edit.nishal.dxy.cn,http,,dxy.cn,http://edit.nishal.dxy.cn
download.rockmehard.dxy.cn,http,,dxy.cn,http://download.rockmehard.dxy.cn
download.superbpics.dxy.cn,http,,dxy.cn,http://download.superbpics.dxy.cn
https://download.v3.dxy.cn,https,,dxy.cn,https://download.v3.dxy.cn
upload.system.ird.dxy.cn,http,,dxy.cn,http://upload.system.ird.dxy.cn
https://web.upload.jtebaise.dxy.cn,https,,dxy.cn,https://web.upload.jtebaise.dxy.cn
https://lib.upload.jtebaise.dxy.cn,https,,dxy.cn,https://lib.upload.jtebaise.dxy.cn
https://test2.a.upload.search.dxy.cn,https,,dxy.cn,https://test2.a.upload.search.dxy.cn
upload.s2.jtebaise.dxy.cn,http,,dxy.cn,http://upload.s2.jtebaise.dxy.cn
css.edit.ird.dxy.cn,http,,dxy.cn,http://css.edit.ird.dxy.cn
https://wap.edit.drugcoverage.dxy.cn,https,,dxy.cn,https://wap.edit.drugcoverage.dxy.cn
web.upload.jtebaise.dxy.cn,http,,dxy.cn,http://web.upload.jtebaise.dxy.cn
update.edit.ird.dxy.cn,http,,dxy.cn,http://update.edit.ird.dxy.cn
test2.a.upload.search.dxy.cn,http,,dxy.cn,http://test2.a.upload.search.dxy.cn
https://edit.six.dxy.cn,https,,dxy.cn,https://edit.six.dxy.cn
login.upload.jolijou.dxy.cn,http,,dxy.cn,http://login.upload.jolijou.dxy.cn
https://dev1.download.pipombo.dxy.cn,https,,dxy.cn,https://dev1.download.pipombo.dxy.cn
pic.upload.jolijou.dxy.cn,http,,dxy.cn,http://pic.upload.jolijou.dxy.cn
https://img.upload.jtebaise.dxy.cn,https,,dxy.cn,https://img.upload.jtebaise.dxy.cn
https://edit.vote.madison.dxy.cn,https,,dxy.cn,https://edit.vote.madison.dxy.cn
https://3.2.download.www.y.dxy.cn,https,,dxy.cn,https://3.2.download.www.y.dxy.cn
https://zip.edit.ird.dxy.cn,https,,dxy.cn,https://zip.edit.ird.dxy.cn
upload.gm.nyachii.dxy.cn,http,,dxy.cn,http://upload.gm.nyachii.dxy.cn
https://data.2.download.www.y.dxy.cn,https,,dxy.cn,https://data.2.download.www.y.dxy.cn
https://upload.adminht.nyachii.dxy.cn,https,,dxy.cn,https://upload.adminht.nyachii.dxy.cn
https://yyyyyyyyystatic.wei.edit.cache.help.assets.portal.dxy.cn,https,,dxy.cn,https://yyyyyyyyystatic.wei.edit.cache.help.assets.portal.dxy.cn
https://download.3g.pipombo.dxy.cn,https,,dxy.cn,https://download.3g.pipombo.dxy.cn
edit.orthop.dxy.cn,http,,dxy.cn,http://edit.orthop.dxy.cn
edit.go.m13.dxy.cn,http,,dxy.cn,http://edit.go.m13.dxy.cn
img.upload.jtebaise.dxy.cn,http,,dxy.cn,http://img.upload.jtebaise.dxy.cn
https://edit.en.forum.ird.dxy.cn,https,,dxy.cn,https://edit.en.forum.ird.dxy.cn
lib.upload.websrv.dxy.cn,http,,dxy.cn,http://lib.upload.websrv.dxy.cn
upload.adminht.nyachii.dxy.cn,http,,dxy.cn,http://upload.adminht.nyachii.dxy.cn
https://upload.sql.maswafa.dxy.cn,https,,dxy.cn,https://upload.sql.maswafa.dxy.cn
download.engagements.dxy.cn,http,,dxy.cn,http://download.engagements.dxy.cn
https://upload.old.m13.dxy.cn,https,,dxy.cn,https://upload.old.m13.dxy.cn
https://lib.upload.websrv.dxy.cn,https,,dxy.cn,https://lib.upload.websrv.dxy.cn
https://upload.sys.sochineny.dxy.cn,https,,dxy.cn,https://upload.sys.sochineny.dxy.cn
upload.boss.tardis.dxy.cn,http,,dxy.cn,http://upload.boss.tardis.dxy.cn
https://m.weixin.download.mall.dxy.cn,https,,dxy.cn,https://m.weixin.download.mall.dxy.cn
cms.download.pipombo.dxy.cn,http,,dxy.cn,http://cms.download.pipombo.dxy.cn
https://zhidao.upload.websrv.dxy.cn,https,,dxy.cn,https://zhidao.upload.websrv.dxy.cn
https://edit.todclb.dxy.cn,https,,dxy.cn,https://edit.todclb.dxy.cn
s.edit.nurs.dxy.cn,http,,dxy.cn,http://s.edit.nurs.dxy.cn
staff.edit.nurs.dxy.cn,http,,dxy.cn,http://staff.edit.nurs.dxy.cn
https://ht.upload.websrv.dxy.cn,https,,dxy.cn,https://ht.upload.websrv.dxy.cn
https://ftp.zip.webht.edit.weixin.assets.portal.dxy.cn,https,,dxy.cn,https://ftp.zip.webht.edit.weixin.assets.portal.dxy.cn
https://upload.upgrade.msm.dxy.cn,https,,dxy.cn,https://upload.upgrade.msm.dxy.cn
https://login.upload.jolijou.dxy.cn,https,,dxy.cn,https://login.upload.jolijou.dxy.cn
3.2.download.www.y.dxy.cn,http,,dxy.cn,http://3.2.download.www.y.dxy.cn
c.upload.jtebaise.dxy.cn,http,,dxy.cn,http://c.upload.jtebaise.dxy.cn
upload.api.kordream.dxy.cn,http,,dxy.cn,http://upload.api.kordream.dxy.cn
download.meeting.dxy.cn,http,,dxy.cn,http://download.meeting.dxy.cn
https://download.ceshi.scs.dxy.cn,https,,dxy.cn,https://download.ceshi.scs.dxy.cn
https://download.search.tardis.dxy.cn,https,,dxy.cn,https://download.search.tardis.dxy.cn
js.download.oantitripa.dxy.cn,http,,dxy.cn,http://js.download.oantitripa.dxy.cn
https://edit.dev.madison.dxy.cn,https,,dxy.cn,https://edit.dev.madison.dxy.cn
edit.ftp.oe.dxy.cn,http,,dxy.cn,http://edit.ftp.oe.dxy.cn
c.api.edit.rheum.dxy.cn,http,,dxy.cn,http://c.api.edit.rheum.dxy.cn
edit.trakal.dxy.cn,http,,dxy.cn,http://edit.trakal.dxy.cn
upload.wx.palmaddict.dxy.cn,http,,dxy.cn,http://upload.wx.palmaddict.dxy.cn
go.edit.ird.dxy.cn,http,,dxy.cn,http://go.edit.ird.dxy.cn
download.ceshi.scs.dxy.cn,http,,dxy.cn,http://download.ceshi.scs.dxy.cn
https://vs.reset.dxy.cn,https,,dxy.cn,https://vs.reset.dxy.cn
upload.upgrade.msm.dxy.cn,http,,dxy.cn,http://upload.upgrade.msm.dxy.cn
https://edit.nishal.dxy.cn,https,,dxy.cn,https://edit.nishal.dxy.cn
https://cache.upload.jolijou.dxy.cn,https,,dxy.cn,https://cache.upload.jolijou.dxy.cn
https://edit.npb.dxy.cn,https,,dxy.cn,https://edit.npb.dxy.cn
https://scanner.upload.jtebaise.dxy.cn,https,,dxy.cn,https://scanner.upload.jtebaise.dxy.cn
m.weixin.download.mall.dxy.cn,http,,dxy.cn,http://m.weixin.download.mall.dxy.cn
https://jira.upload.jolijou.dxy.cn,https,,dxy.cn,https://jira.upload.jolijou.dxy.cn
data.2.download.www.y.dxy.cn,http,,dxy.cn,http://data.2.download.www.y.dxy.cn
https://union.edit.ird.dxy.cn,https,,dxy.cn,https://union.edit.ird.dxy.cn
https://upload.boss.tardis.dxy.cn,https,,dxy.cn,https://upload.boss.tardis.dxy.cn
https://edit.counter.ird.dxy.cn,https,,dxy.cn,https://edit.counter.ird.dxy.cn
https://connect.upload.jtebaise.dxy.cn,https,,dxy.cn,https://connect.upload.jtebaise.dxy.cn
ssh.edit.ird.dxy.cn,http,,dxy.cn,http://ssh.edit.ird.dxy.cn
edit.ise.dxy.cn,http,,dxy.cn,http://edit.ise.dxy.cn
edit.sslvpn.renewredo.dxy.cn,http,,dxy.cn,http://edit.sslvpn.renewredo.dxy.cn
upload.neissary.dxy.cn,http,,dxy.cn,http://upload.neissary.dxy.cn
union.edit.ird.dxy.cn,http,,dxy.cn,http://union.edit.ird.dxy.cn
edit.sim.dxy.cn,http,,dxy.cn,http://edit.sim.dxy.cn
https://download.2.pog.dxy.cn,https,,dxy.cn,https://download.2.pog.dxy.cn
https://download.m.pipombo.dxy.cn,https,,dxy.cn,https://download.m.pipombo.dxy.cn
bata.upload.search.dxy.cn,http,,dxy.cn,http://bata.upload.search.dxy.cn
https://edit.iep.dxy.cn,https,,dxy.cn,https://edit.iep.dxy.cn
upload.sentencing.dxy.cn,http,,dxy.cn,http://upload.sentencing.dxy.cn
https://high.upload.dxy.cn,https,,dxy.cn,https://high.upload.dxy.cn
https://sms.download.pipombo.dxy.cn,https,,dxy.cn,https://sms.download.pipombo.dxy.cn
https://gm.edit.drugcoverage.dxy.cn,https,,dxy.cn,https://gm.edit.drugcoverage.dxy.cn
download.it.maswafa.dxy.cn,http,,dxy.cn,http://download.it.maswafa.dxy.cn
https://go.edit.ird.dxy.cn,https,,dxy.cn,https://go.edit.ird.dxy.cn
high.upload.dxy.cn,http,,dxy.cn,http://high.upload.dxy.cn
https://download.ht.itv.dxy.cn,https,,dxy.cn,https://download.ht.itv.dxy.cn
https://download.nebraska.dxy.cn,https,,dxy.cn,https://download.nebraska.dxy.cn
https://update.edit.ird.dxy.cn,https,,dxy.cn,https://update.edit.ird.dxy.cn
upload.proxy.mho.dxy.cn,http,,dxy.cn,http://upload.proxy.mho.dxy.cn
sys.edit.ird.dxy.cn,http,,dxy.cn,http://sys.edit.ird.dxy.cn
upload.vote.madison.dxy.cn,http,,dxy.cn,http://upload.vote.madison.dxy.cn
upload.vote.babe2x.dxy.cn,http,,dxy.cn,http://upload.vote.babe2x.dxy.cn
https://ssh.edit.ird.dxy.cn,https,,dxy.cn,https://ssh.edit.ird.dxy.cn
https://upload.jolijou.dxy.cn,https,,dxy.cn,https://upload.jolijou.dxy.cn
https://staff.edit.nurs.dxy.cn,https,,dxy.cn,https://staff.edit.nurs.dxy.cn
https://upload.proxy.mho.dxy.cn,https,,dxy.cn,https://upload.proxy.mho.dxy.cn
https://svn.edit.ird.dxy.cn,https,,dxy.cn,https://svn.edit.ird.dxy.cn
https://edit.mysql.kina.dxy.cn,https,,dxy.cn,https://edit.mysql.kina.dxy.cn
download.nebraska.dxy.cn,http,,dxy.cn,http://download.nebraska.dxy.cn
upload.jolijou.dxy.cn,http,,dxy.cn,http://upload.jolijou.dxy.cn
https://download.pipombo.dxy.cn,https,,dxy.cn,https://download.pipombo.dxy.cn
svn.edit.ird.dxy.cn,http,,dxy.cn,http://svn.edit.ird.dxy.cn
https://upload.neissary.dxy.cn,https,,dxy.cn,https://upload.neissary.dxy.cn
zhidao.upload.websrv.dxy.cn,http,,dxy.cn,http://zhidao.upload.websrv.dxy.cn
https://mgr.pma.upload.adm.dq.dxy.cn,https,,dxy.cn,https://mgr.pma.upload.adm.dq.dxy.cn
manage.edit.host4.dxy.cn,http,,dxy.cn,http://manage.edit.host4.dxy.cn
https://edit.bug.console.exam.dxy.cn,https,,dxy.cn,https://edit.bug.console.exam.dxy.cn
https://id.edit.drugcoverage.dxy.cn,https,,dxy.cn,https://id.edit.drugcoverage.dxy.cn
demo.upload.adm.dq.dxy.cn,http,,dxy.cn,http://demo.upload.adm.dq.dxy.cn
download.edy-sant.dxy.cn,http,,dxy.cn,http://download.edy-sant.dxy.cn
https://manage.edit.host4.dxy.cn,https,,dxy.cn,https://manage.edit.host4.dxy.cn
https://demo.upload.adm.dq.dxy.cn,https,,dxy.cn,https://demo.upload.adm.dq.dxy.cn
edit.autodiscover.97.dxy.cn,http,,dxy.cn,http://edit.autodiscover.97.dxy.cn
https://3g.edit.drugcoverage.dxy.cn,https,,dxy.cn,https://3g.edit.drugcoverage.dxy.cn
portal.edit.eclass.dxy.cn,http,,dxy.cn,http://portal.edit.eclass.dxy.cn
https://edit.autodiscover.97.dxy.cn,https,,dxy.cn,https://edit.autodiscover.97.dxy.cn
https://t.edit.drugcoverage.dxy.cn,https,,dxy.cn,https://t.edit.drugcoverage.dxy.cn
id.edit.drugcoverage.dxy.cn,http,,dxy.cn,http://id.edit.drugcoverage.dxy.cn
https://download.edy-sant.dxy.cn,https,,dxy.cn,https://download.edy-sant.dxy.cn
upload.manager.api-dev.dxy.cn,http,,dxy.cn,http://upload.manager.api-dev.dxy.cn
https://test.upload.email.dxy.cn,https,,dxy.cn,https://test.upload.email.dxy.cn
https://d.edit.ird.dxy.cn,https,,dxy.cn,https://d.edit.ird.dxy.cn
c.edit.ird.dxy.cn,http,,dxy.cn,http://c.edit.ird.dxy.cn
newsletter.download.dxy.cn,http,,dxy.cn,http://newsletter.download.dxy.cn
ht.edit.drugcoverage.dxy.cn,http,,dxy.cn,http://ht.edit.drugcoverage.dxy.cn
https://download.xml.adnogen.dxy.cn,https,,dxy.cn,https://download.xml.adnogen.dxy.cn
https://ht.edit.drugcoverage.dxy.cn,https,,dxy.cn,https://ht.edit.drugcoverage.dxy.cn
https://edit.br.dxy.cn,https,,dxy.cn,https://edit.br.dxy.cn
download.sso.hebei.dxy.cn,http,,dxy.cn,http://download.sso.hebei.dxy.cn
https://d.download.portal.gi.dxy.cn,https,,dxy.cn,https://d.download.portal.gi.dxy.cn
https://res.edit.drugcoverage.dxy.cn,https,,dxy.cn,https://res.edit.drugcoverage.dxy.cn
https://upload.hazretikil.dxy.cn,https,,dxy.cn,https://upload.hazretikil.dxy.cn
download.lib.ecms.dxy.cn,http,,dxy.cn,http://download.lib.ecms.dxy.cn
download.freeocean.dxy.cn,http,,dxy.cn,http://download.freeocean.dxy.cn
d.download.portal.gi.dxy.cn,http,,dxy.cn,http://d.download.portal.gi.dxy.cn
https://upload.id.s3.device.dxy.cn,https,,dxy.cn,https://upload.id.s3.device.dxy.cn
sms.edit.drugcoverage.dxy.cn,http,,dxy.cn,http://sms.edit.drugcoverage.dxy.cn
https://newsletter.download.dxy.cn,https,,dxy.cn,https://newsletter.download.dxy.cn
upload.e.dxy.cn,http,,dxy.cn,http://upload.e.dxy.cn
upload.id.s3.device.dxy.cn,http,,dxy.cn,http://upload.id.s3.device.dxy.cn
upload.hazretikil.dxy.cn,http,,dxy.cn,http://upload.hazretikil.dxy.cn
upload.d.dxy.cn,http,,dxy.cn,http://upload.d.dxy.cn
https://erp.pma.upload.adm.dq.dxy.cn,https,,dxy.cn,https://erp.pma.upload.adm.dq.dxy.cn
https://upload.docs.edy-sant.dxy.cn,https,,dxy.cn,https://upload.docs.edy-sant.dxy.cn
https://s1.edit.drugcoverage.dxy.cn,https,,dxy.cn,https://s1.edit.drugcoverage.dxy.cn
download.webht.it.gi.dxy.cn,http,,dxy.cn,http://download.webht.it.gi.dxy.cn
s1.edit.drugcoverage.dxy.cn,http,,dxy.cn,http://s1.edit.drugcoverage.dxy.cn
https://upload.d.dxy.cn,https,,dxy.cn,https://upload.d.dxy.cn
https://download.webht.it.gi.dxy.cn,https,,dxy.cn,https://download.webht.it.gi.dxy.cn
test.upload.email.dxy.cn,http,,dxy.cn,http://test.upload.email.dxy.cn
edit.d.ird.dxy.cn,http,,dxy.cn,http://edit.d.ird.dxy.cn
https://edit.d.ird.dxy.cn,https,,dxy.cn,https://edit.d.ird.dxy.cn
https://c.edit.ird.dxy.cn,https,,dxy.cn,https://c.edit.ird.dxy.cn
upload.forum.dxy.cn,http,,dxy.cn,http://upload.forum.dxy.cn
test.upload.forum.dxy.cn,http,,dxy.cn,http://test.upload.forum.dxy.cn
https://upload.so.6d.dxy.cn,https,,dxy.cn,https://upload.so.6d.dxy.cn
ftp.b.bugzilla.lib.edit.drugs.dxy.cn,http,,dxy.cn,http://ftp.b.bugzilla.lib.edit.drugs.dxy.cn
https://upload.c48cjf8sm37reo2rpl9g.dxy.cn,https,,dxy.cn,https://upload.c48cjf8sm37reo2rpl9g.dxy.cn
download.c46hevosm37qq4lh1o2g.dxy.cn,http,,dxy.cn,http://download.c46hevosm37qq4lh1o2g.dxy.cn
https://download.c46ieh8sm37uu212l4rg.dxy.cn,https,,dxy.cn,https://download.c46ieh8sm37uu212l4rg.dxy.cn
https://download.c46ieh8sm37uu212lfog.dxy.cn,https,,dxy.cn,https://download.c46ieh8sm37uu212lfog.dxy.cn
https://upload.c46hi6gsm37rc60c8ok0.dxy.cn,https,,dxy.cn,https://upload.c46hi6gsm37rc60c8ok0.dxy.cn
https://web.download.edit.host4.dxy.cn,https,,dxy.cn,https://web.download.edit.host4.dxy.cn
https://portal.pma.upload.adm.dq.dxy.cn,https,,dxy.cn,https://portal.pma.upload.adm.dq.dxy.cn
download.c46hutgsm37svefe2igg.dxy.cn,http,,dxy.cn,http://download.c46hutgsm37svefe2igg.dxy.cn
https://edit.c46hvr8sm37t765jnrh0.dxy.cn,https,,dxy.cn,https://edit.c46hvr8sm37t765jnrh0.dxy.cn
s1.img01.download.drugs.dxy.cn,http,,dxy.cn,http://s1.img01.download.drugs.dxy.cn
https://download.c46hvr8sm37t765jmun0.dxy.cn,https,,dxy.cn,https://download.c46hvr8sm37t765jmun0.dxy.cn
edit.c46h2g8sm37p3lhlqc2g.dxy.cn,http,,dxy.cn,http://edit.c46h2g8sm37p3lhlqc2g.dxy.cn
https://edit.c46h2g8sm37p3lhlprq0.dxy.cn,https,,dxy.cn,https://edit.c46h2g8sm37p3lhlprq0.dxy.cn
https://download.c48ck7gsm37rbjie1ma0.dxy.cn,https,,dxy.cn,https://download.c48ck7gsm37rbjie1ma0.dxy.cn
https://edit.c46i1aosm37t3od6lo20.dxy.cn,https,,dxy.cn,https://edit.c46i1aosm37t3od6lo20.dxy.cn
user.pma.upload.adm.dq.dxy.cn,http,,dxy.cn,http://user.pma.upload.adm.dq.dxy.cn
edit.c46hi6gsm37rc60c7vpg.dxy.cn,http,,dxy.cn,http://edit.c46hi6gsm37rc60c7vpg.dxy.cn
download.c46hi6gsm37rc60c8do0.dxy.cn,http,,dxy.cn,http://download.c46hi6gsm37rc60c8do0.dxy.cn
edit.c48ck7gsm37rbjie1ia0.dxy.cn,http,,dxy.cn,http://edit.c48ck7gsm37rbjie1ia0.dxy.cn
edit.c46h04gsm37oqkgjkd3g.dxy.cn,http,,dxy.cn,http://edit.c46h04gsm37oqkgjkd3g.dxy.cn
edit.c46hc3gsm37q2t7ro0ag.dxy.cn,http,,dxy.cn,http://edit.c46hc3gsm37q2t7ro0ag.dxy.cn
https://download.auth.dxy.cn,https,,dxy.cn,https://download.auth.dxy.cn
https://edit.atgc-admin.dxy.cn,https,,dxy.cn,https://edit.atgc-admin.dxy.cn
https://t.upload.adm.dq.dxy.cn,https,,dxy.cn,https://t.upload.adm.dq.dxy.cn
edit.beginbilling.dxy.cn,http,,dxy.cn,http://edit.beginbilling.dxy.cn
down.edit.host4.dxy.cn,http,,dxy.cn,http://down.edit.host4.dxy.cn
https://edit.bluejundi.dxy.cn,https,,dxy.cn,https://edit.bluejundi.dxy.cn
https://edit.borsh.dxy.cn,https,,dxy.cn,https://edit.borsh.dxy.cn
edit.borsh.dxy.cn,http,,dxy.cn,http://edit.borsh.dxy.cn
www.edit.h.dxy.cn,http,,dxy.cn,http://www.edit.h.dxy.cn
edit.gg.dxy.cn,http,,dxy.cn,http://edit.gg.dxy.cn
https://so.sql.download.drugs.dxy.cn,https,,dxy.cn,https://so.sql.download.drugs.dxy.cn
sql.download.drugs.dxy.cn,http,,dxy.cn,http://sql.download.drugs.dxy.cn
upload.so.6d.dxy.cn,http,,dxy.cn,http://upload.so.6d.dxy.cn
download.c46hvr8sm37t765jo0g0.dxy.cn,http,,dxy.cn,http://download.c46hvr8sm37t765jo0g0.dxy.cn
https://upload.c4a2nr6rsfelsf95g3vg.dxy.cn,https,,dxy.cn,https://upload.c4a2nr6rsfelsf95g3vg.dxy.cn
https://download.c49pn08sm37utasfl9sg.dxy.cn,https,,dxy.cn,https://download.c49pn08sm37utasfl9sg.dxy.cn
https://download.c46ieh8sm37uu212k6r0.dxy.cn,https,,dxy.cn,https://download.c46ieh8sm37uu212k6r0.dxy.cn
exforge.dxy.cn,http,倍博特中国上市会_诺华中国,dxy.cn,http://exforge.dxy.cn
https://download.c46hha0sm37rf4ahqnt0.dxy.cn,https,,dxy.cn,https://download.c46hha0sm37rf4ahqnt0.dxy.cn
upload.c4a2nr6rsfelsf95g3vg.dxy.cn,http,,dxy.cn,http://upload.c4a2nr6rsfelsf95g3vg.dxy.cn
https://login.upload.adm.dq.dxy.cn,https,,dxy.cn,https://login.upload.adm.dq.dxy.cn
https://download.c46hj4osm37r9957gbe0.dxy.cn,https,,dxy.cn,https://download.c46hj4osm37r9957gbe0.dxy.cn
go.b.bugzilla.lib.edit.drugs.dxy.cn,http,,dxy.cn,http://go.b.bugzilla.lib.edit.drugs.dxy.cn
edit.host4.dxy.cn,http,,dxy.cn,http://edit.host4.dxy.cn
css.so.sql.download.drugs.dxy.cn,http,,dxy.cn,http://css.so.sql.download.drugs.dxy.cn
download.c46hj4osm37r9957gbe0.dxy.cn,http,,dxy.cn,http://download.c46hj4osm37r9957gbe0.dxy.cn
download.dxy.cn,http,,dxy.cn,http://download.dxy.cn
download.c46ieh8sm37uu212k6r0.dxy.cn,http,,dxy.cn,http://download.c46ieh8sm37uu212k6r0.dxy.cn
edit.drugcoverage.dxy.cn,http,,dxy.cn,http://edit.drugcoverage.dxy.cn
upload.c46hi6gsm37rc60c89d0.dxy.cn,http,,dxy.cn,http://upload.c46hi6gsm37rc60c89d0.dxy.cn
https://edit.h.dxy.cn,https,,dxy.cn,https://edit.h.dxy.cn
https://a.edit.host4.dxy.cn,https,,dxy.cn,https://a.edit.host4.dxy.cn
login.upload.adm.dq.dxy.cn,http,,dxy.cn,http://login.upload.adm.dq.dxy.cn
https://edit.eclass.dxy.cn,https,,dxy.cn,https://edit.eclass.dxy.cn
https://download.edit.drugcoverage.dxy.cn,https,429 Too Many Requests,dxy.cn,https://download.edit.drugcoverage.dxy.cn
https://edit.abcd.123.dxy.cn,https,429 Too Many Requests,dxy.cn,https://edit.abcd.123.dxy.cn
edit.abcd.123.dxy.cn,http,,dxy.cn,http://edit.abcd.123.dxy.cn
https://sslvpn.download.portal.gi.dxy.cn,https,,dxy.cn,https://sslvpn.download.portal.gi.dxy.cn
https://edit.c49pn08sm37utasfmd70.dxy.cn,https,429 Too Many Requests,dxy.cn,https://edit.c49pn08sm37utasfmd70.dxy.cn
https://upgrade.edit.drugcoverage.dxy.cn,https,,dxy.cn,https://upgrade.edit.drugcoverage.dxy.cn
edit.c48ck7gsm37rbjie25m0.dxy.cn,http,,dxy.cn,http://edit.c48ck7gsm37rbjie25m0.dxy.cn
https://edit.c48ck7gsm37rbjie25m0.dxy.cn,https,,dxy.cn,https://edit.c48ck7gsm37rbjie25m0.dxy.cn
https://connect.pma.upload.adm.dq.dxy.cn,https,,dxy.cn,https://connect.pma.upload.adm.dq.dxy.cn
https://b.edit.host4.dxy.cn,https,429 Too Many Requests,dxy.cn,https://b.edit.host4.dxy.cn
amoytop.dxy.cn,http,特宝生物恭祝由丁香园和人卫社联合出版的《病毒性肝炎-困惑与挑战》新书发布,dxy.cn,http://amoytop.dxy.cn
https://img04.login.upload.adm.dq.dxy.cn,https,429 Too Many Requests,dxy.cn,https://img04.login.upload.adm.dq.dxy.cn
https://upload.c46h2g8sm37p3lhlpsmg.dxy.cn,https,,dxy.cn,https://upload.c46h2g8sm37p3lhlpsmg.dxy.cn
https://download.27qp.dxy.cn,https,,dxy.cn,https://download.27qp.dxy.cn
https://edit.c46i1aosm37t3od6mlhg.dxy.cn,https,,dxy.cn,https://edit.c46i1aosm37t3od6mlhg.dxy.cn
https://edit.c46ieh8sm37uu212l9l0.dxy.cn,https,,dxy.cn,https://edit.c46ieh8sm37uu212l9l0.dxy.cn
exchange.edit.drugcoverage.dxy.cn,http,,dxy.cn,http://exchange.edit.drugcoverage.dxy.cn
https://download.2fdb.dxy.cn,https,429 Too Many Requests,dxy.cn,https://download.2fdb.dxy.cn
https://upload.c46hkfosm37rk3sr6j0g.dxy.cn,https,429 Too Many Requests,dxy.cn,https://upload.c46hkfosm37rk3sr6j0g.dxy.cn
https://edit.www.app.dxy.cn,https,,dxy.cn,https://edit.www.app.dxy.cn
a.edit.host4.dxy.cn,http,,dxy.cn,http://a.edit.host4.dxy.cn
download.c48cp60sm37su1isf010.dxy.cn,http,,dxy.cn,http://download.c48cp60sm37su1isf010.dxy.cn
https://exchange.edit.drugcoverage.dxy.cn,https,,dxy.cn,https://exchange.edit.drugcoverage.dxy.cn
1.edit.host4.dxy.cn,http,,dxy.cn,http://1.edit.host4.dxy.cn
https://edit.c46i2c8sm37tfu35lvog.dxy.cn,https,,dxy.cn,https://edit.c46i2c8sm37tfu35lvog.dxy.cn
download.c46hkfosm37rk3sr5l80.dxy.cn,http,,dxy.cn,http://download.c46hkfosm37rk3sr5l80.dxy.cn
https://s1.img01.download.drugs.dxy.cn,https,429 Too Many Requests,dxy.cn,https://s1.img01.download.drugs.dxy.cn
https://upload.c46hha0sm37rf4ahs900.dxy.cn,https,,dxy.cn,https://upload.c46hha0sm37rf4ahs900.dxy.cn
https://evcijdjcpghwdbbg.download.dxy.cn,https,429 Too Many Requests,dxy.cn,https://evcijdjcpghwdbbg.download.dxy.cn
upload.c46h2g8sm37p3lhlpsmg.dxy.cn,http,,dxy.cn,http://upload.c46h2g8sm37p3lhlpsmg.dxy.cn
edit.c46i1aosm37t3od6mlhg.dxy.cn,http,,dxy.cn,http://edit.c46i1aosm37t3od6mlhg.dxy.cn
https://edit.c4a2nr6rsfelsf95f0e0.dxy.cn,https,429 Too Many Requests,dxy.cn,https://edit.c4a2nr6rsfelsf95f0e0.dxy.cn
https://1.edit.host4.dxy.cn,https,,dxy.cn,https://1.edit.host4.dxy.cn
upload.ceshi.drugcoverage.dxy.cn,http,,dxy.cn,http://upload.ceshi.drugcoverage.dxy.cn
https://download.billing-orthop.dxy.cn,https,,dxy.cn,https://download.billing-orthop.dxy.cn
upload.c46hvr8sm37t765jo7j0.dxy.cn,http,,dxy.cn,http://upload.c46hvr8sm37t765jo7j0.dxy.cn
https://edit.gjk.dxy.cn,https,429 Too Many Requests,dxy.cn,https://edit.gjk.dxy.cn
https://edit.c46ieh8sm37uu212ks8g.dxy.cn,https,,dxy.cn,https://edit.c46ieh8sm37uu212ks8g.dxy.cn
edit.c46ieh8sm37uu212ks8g.dxy.cn,http,,dxy.cn,http://edit.c46ieh8sm37uu212ks8g.dxy.cn
edit.c49pn08sm37utasfmd70.dxy.cn,http,,dxy.cn,http://edit.c49pn08sm37utasfmd70.dxy.cn
download.edit.drugcoverage.dxy.cn,http,,dxy.cn,http://download.edit.drugcoverage.dxy.cn
evcijdjcpghwdbbg.download.dxy.cn,http,,dxy.cn,http://evcijdjcpghwdbbg.download.dxy.cn
https://edit.c489kgosm37vme4kj6g0.dxy.cn,https,,dxy.cn,https://edit.c489kgosm37vme4kj6g0.dxy.cn
upgrade.edit.drugcoverage.dxy.cn,http,,dxy.cn,http://upgrade.edit.drugcoverage.dxy.cn
https://upload.c46hvr8sm37t765jo7j0.dxy.cn,https,,dxy.cn,https://upload.c46hvr8sm37t765jo7j0.dxy.cn
upload.c46hkfosm37rk3sr6j0g.dxy.cn,http,,dxy.cn,http://upload.c46hkfosm37rk3sr6j0g.dxy.cn
https://edit.c46hj4osm37r9957hmt0.dxy.cn,https,,dxy.cn,https://edit.c46hj4osm37r9957hmt0.dxy.cn
edit.c489kgosm37vme4kj6g0.dxy.cn,http,,dxy.cn,http://edit.c489kgosm37vme4kj6g0.dxy.cn
https://download.bijie.dxy.cn,https,,dxy.cn,https://download.bijie.dxy.cn
https://download.c489kgosm37vme4kkgug.dxy.cn,https,,dxy.cn,https://download.c489kgosm37vme4kkgug.dxy.cn
download.c48cjf8sm37reo2rplp0.dxy.cn,http,,dxy.cn,http://download.c48cjf8sm37reo2rplp0.dxy.cn
download.c.drugcoverage.dxy.cn,http,,dxy.cn,http://download.c.drugcoverage.dxy.cn
https://download.c46hc3gsm37q2t7roq30.dxy.cn,https,,dxy.cn,https://download.c46hc3gsm37q2t7roq30.dxy.cn
https://upload.c48cjf8sm37reo2rqqb0.dxy.cn,https,,dxy.cn,https://upload.c48cjf8sm37reo2rqqb0.dxy.cn
https://proxy.edit.drugcoverage.dxy.cn,https,429 Too Many Requests,dxy.cn,https://proxy.edit.drugcoverage.dxy.cn
download.27qp.dxy.cn,http,429 Too Many Requests,dxy.cn,http://download.27qp.dxy.cn
edit.c49pn08sm37utasflm80.dxy.cn,http,,dxy.cn,http://edit.c49pn08sm37utasflm80.dxy.cn
edit.gjk.dxy.cn,http,,dxy.cn,http://edit.gjk.dxy.cn
edit.c46ieh8sm37uu212l9l0.dxy.cn,http,429 Too Many Requests,dxy.cn,http://edit.c46ieh8sm37uu212l9l0.dxy.cn
connect.pma.upload.adm.dq.dxy.cn,http,,dxy.cn,http://connect.pma.upload.adm.dq.dxy.cn
download.c46hc3gsm37q2t7roq30.dxy.cn,http,,dxy.cn,http://download.c46hc3gsm37q2t7roq30.dxy.cn
https://1.b.bugzilla.lib.edit.drugs.dxy.cn,https,,dxy.cn,https://1.b.bugzilla.lib.edit.drugs.dxy.cn
https://edit.c46hi6gsm37rc60c7vpg.dxy.cn,https,,dxy.cn,https://edit.c46hi6gsm37rc60c7vpg.dxy.cn
https://download.c4b7gsursfepg744udpg.dxy.cn,https,,dxy.cn,https://download.c4b7gsursfepg744udpg.dxy.cn
https://zhidao.edit.drugcoverage.dxy.cn,https,,dxy.cn,https://zhidao.edit.drugcoverage.dxy.cn
https://download.c46hkfosm37rk3sr5l80.dxy.cn,https,,dxy.cn,https://download.c46hkfosm37rk3sr5l80.dxy.cn
edit.c4a2nr6rsfelsf95f0e0.dxy.cn,http,,dxy.cn,http://edit.c4a2nr6rsfelsf95f0e0.dxy.cn
https://edit.c46hha0sm37rf4ahrfv0.dxy.cn,https,,dxy.cn,https://edit.c46hha0sm37rf4ahrfv0.dxy.cn
edit.c46hj4osm37r9957hmt0.dxy.cn,http,,dxy.cn,http://edit.c46hj4osm37r9957hmt0.dxy.cn
https://upload.c48ck7gsm37rbjie1na0.dxy.cn,https,429 Too Many Requests,dxy.cn,https://upload.c48ck7gsm37rbjie1na0.dxy.cn
download.c4b7gsursfepg744udpg.dxy.cn,http,,dxy.cn,http://download.c4b7gsursfepg744udpg.dxy.cn
https://download.c46hutgsm37svefe3m3g.dxy.cn,https,429 Too Many Requests,dxy.cn,https://download.c46hutgsm37svefe3m3g.dxy.cn
https://download.c48cjf8sm37reo2rqgk0.dxy.cn,https,429 Too Many Requests,dxy.cn,https://download.c48cjf8sm37reo2rqgk0.dxy.cn
https://download.c48a190sm37p6287jlc0.dxy.cn,https,,dxy.cn,https://download.c48a190sm37p6287jlc0.dxy.cn
https://edit.c46hvr8sm37t765jnr2g.dxy.cn,https,,dxy.cn,https://edit.c46hvr8sm37t765jnr2g.dxy.cn
wiki.s1.img01.download.drugs.dxy.cn,http,,dxy.cn,http://wiki.s1.img01.download.drugs.dxy.cn
https://upload.ggarden.dxy.cn,https,,dxy.cn,https://upload.ggarden.dxy.cn
download.c46hutgsm37svefe3o8g.dxy.cn,http,,dxy.cn,http://download.c46hutgsm37svefe3o8g.dxy.cn
download.c46ieh8sm37uu212l4rg.dxy.cn,http,,dxy.cn,http://download.c46ieh8sm37uu212l4rg.dxy.cn
https://home.b.bugzilla.lib.edit.drugs.dxy.cn,https,,dxy.cn,https://home.b.bugzilla.lib.edit.drugs.dxy.cn
upload.c48cjf8sm37reo2rqqb0.dxy.cn,http,,dxy.cn,http://upload.c48cjf8sm37reo2rqqb0.dxy.cn
download.c46hi6gsm37rc60c8hp0.dxy.cn,http,,dxy.cn,http://download.c46hi6gsm37rc60c8hp0.dxy.cn
https://download.c48cl40sm37rkr6ls6tg.dxy.cn,https,,dxy.cn,https://download.c48cl40sm37rkr6ls6tg.dxy.cn
https://download.c46hutgsm37svefe2igg.dxy.cn,https,429 Too Many Requests,dxy.cn,https://download.c46hutgsm37svefe2igg.dxy.cn
download.c48a190sm37p6287jlc0.dxy.cn,http,,dxy.cn,http://download.c48a190sm37p6287jlc0.dxy.cn
https://download.imap.ana-fotomag.dxy.cn,https,,dxy.cn,https://download.imap.ana-fotomag.dxy.cn
https://download.c48cjf8sm37reo2rqc30.dxy.cn,https,,dxy.cn,https://download.c48cjf8sm37reo2rqc30.dxy.cn
https://edit.c48cp60sm37su1isf3ig.dxy.cn,https,,dxy.cn,https://edit.c48cp60sm37su1isf3ig.dxy.cn
download.imap.ana-fotomag.dxy.cn,http,,dxy.cn,http://download.imap.ana-fotomag.dxy.cn
download.c46hevosm37qq4lh2gq0.dxy.cn,http,,dxy.cn,http://download.c46hevosm37qq4lh2gq0.dxy.cn
https://edit.c48ci20sm37qon23e9u0.dxy.cn,https,,dxy.cn,https://edit.c48ci20sm37qon23e9u0.dxy.cn
https://exchange.download.portal.gi.dxy.cn,https,429 Too Many Requests,dxy.cn,https://exchange.download.portal.gi.dxy.cn
upload.c46hutgsm37svefe2igg.dxy.cn,http,,dxy.cn,http://upload.c46hutgsm37svefe2igg.dxy.cn
https://edit.c4c1mdursfes04ua5grg.dxy.cn,https,,dxy.cn,https://edit.c4c1mdursfes04ua5grg.dxy.cn
https://download.c46h2g8sm37p3lhloqlg.dxy.cn,https,,dxy.cn,https://download.c46h2g8sm37p3lhloqlg.dxy.cn
https://edit.c489kgosm37vme4kkhkg.dxy.cn,https,429 Too Many Requests,dxy.cn,https://edit.c489kgosm37vme4kkhkg.dxy.cn
upload.000.000.000.000.000.000.dxy.cn,http,,dxy.cn,http://upload.000.000.000.000.000.000.dxy.cn
live.toolbox.upload.anesth.dxy.cn,http,,dxy.cn,http://live.toolbox.upload.anesth.dxy.cn
download.c46hkfosm37rk3sr6rag.dxy.cn,http,,dxy.cn,http://download.c46hkfosm37rk3sr6rag.dxy.cn
https://download.c48cp60sm37su1isf010.dxy.cn,https,,dxy.cn,https://download.c48cp60sm37su1isf010.dxy.cn
proxy.edit.drugcoverage.dxy.cn,http,,dxy.cn,http://proxy.edit.drugcoverage.dxy.cn
https://download.c46hi6gsm37rc60c9bo0.dxy.cn,https,429 Too Many Requests,dxy.cn,https://download.c46hi6gsm37rc60c9bo0.dxy.cn
upload.c46ieh8sm37uu212lfog.dxy.cn,http,,dxy.cn,http://upload.c46ieh8sm37uu212lfog.dxy.cn
download.c46h2g8sm37p3lhloqlg.dxy.cn,http,,dxy.cn,http://download.c46h2g8sm37p3lhloqlg.dxy.cn
download.billing-orthop.dxy.cn,http,,dxy.cn,http://download.billing-orthop.dxy.cn
https://download.c46hc3gsm37q2t7rn6a0.dxy.cn,https,,dxy.cn,https://download.c46hc3gsm37q2t7rn6a0.dxy.cn
download.c46hi6gsm37rc60c9bo0.dxy.cn,http,,dxy.cn,http://download.c46hi6gsm37rc60c9bo0.dxy.cn
https://ftp.b.bugzilla.lib.edit.drugs.dxy.cn,https,,dxy.cn,https://ftp.b.bugzilla.lib.edit.drugs.dxy.cn
1.b.bugzilla.lib.edit.drugs.dxy.cn,http,,dxy.cn,http://1.b.bugzilla.lib.edit.drugs.dxy.cn
https://live.toolbox.upload.anesth.dxy.cn,https,429 Too Many Requests,dxy.cn,https://live.toolbox.upload.anesth.dxy.cn
https://edit.c48ck7gsm37rbjie1ia0.dxy.cn,https,,dxy.cn,https://edit.c48ck7gsm37rbjie1ia0.dxy.cn
https://wx.img03.img01.download.drugs.dxy.cn,https,429 Too Many Requests,dxy.cn,https://wx.img03.img01.download.drugs.dxy.cn
https://download.c48cjf8sm37reo2rprl0.dxy.cn,https,429 Too Many Requests,dxy.cn,https://download.c48cjf8sm37reo2rprl0.dxy.cn
download.c46h2g8sm37p3lhlpti0.dxy.cn,http,,dxy.cn,http://download.c46h2g8sm37p3lhlpti0.dxy.cn
https://library.edit.drugcoverage.dxy.cn,https,,dxy.cn,https://library.edit.drugcoverage.dxy.cn
https://scanner.edit.drugcoverage.dxy.cn,https,,dxy.cn,https://scanner.edit.drugcoverage.dxy.cn
upload.ggarden.dxy.cn,http,,dxy.cn,http://upload.ggarden.dxy.cn
https://upload.c46hi6gsm37rc60c9e80.dxy.cn,https,429 Too Many Requests,dxy.cn,https://upload.c46hi6gsm37rc60c9e80.dxy.cn
download.c489kgosm37vme4kkgug.dxy.cn,http,,dxy.cn,http://download.c489kgosm37vme4kkgug.dxy.cn
edit.c4c1mdursfes04ua5grg.dxy.cn,http,,dxy.cn,http://edit.c4c1mdursfes04ua5grg.dxy.cn
edit.c489kgosm37vme4kkhkg.dxy.cn,http,,dxy.cn,http://edit.c489kgosm37vme4kkhkg.dxy.cn
edit.c46i1aosm37t3od6lo20.dxy.cn,http,,dxy.cn,http://edit.c46i1aosm37t3od6lo20.dxy.cn
user.edit.drugcoverage.dxy.cn,http,,dxy.cn,http://user.edit.drugcoverage.dxy.cn
https://download.c.drugcoverage.dxy.cn,https,429 Too Many Requests,dxy.cn,https://download.c.drugcoverage.dxy.cn
dev.edit.host4.dxy.cn,http,,dxy.cn,http://dev.edit.host4.dxy.cn
edit.c48cjf8sm37reo2rq160.dxy.cn,http,,dxy.cn,http://edit.c48cjf8sm37reo2rq160.dxy.cn
https://user.edit.drugcoverage.dxy.cn,https,,dxy.cn,https://user.edit.drugcoverage.dxy.cn
upload.c46hha0sm37rf4ahqm4g.dxy.cn,http,,dxy.cn,http://upload.c46hha0sm37rf4ahqm4g.dxy.cn
download.bijie.dxy.cn,http,429 Too Many Requests,dxy.cn,http://download.bijie.dxy.cn
https://upload.c46hutgsm37svefe2igg.dxy.cn,https,429 Too Many Requests,dxy.cn,https://upload.c46hutgsm37svefe2igg.dxy.cn
https://svn.edit.host4.dxy.cn,https,,dxy.cn,https://svn.edit.host4.dxy.cn
webdisk.download.dxy.cn,http,,dxy.cn,http://webdisk.download.dxy.cn
https://boss.edit.host4.dxy.cn,https,,dxy.cn,https://boss.edit.host4.dxy.cn
https://edit.c46h2g8sm37p3lhlq36g.dxy.cn,https,,dxy.cn,https://edit.c46h2g8sm37p3lhlq36g.dxy.cn
vote.edit.host4.dxy.cn,http,,dxy.cn,http://vote.edit.host4.dxy.cn
https://webdisk.download.dxy.cn,https,429 Too Many Requests,dxy.cn,https://webdisk.download.dxy.cn
https://live.edit.host4.dxy.cn,https,,dxy.cn,https://live.edit.host4.dxy.cn
https://edit.c46hvr8sm37t765jnjo0.dxy.cn,https,429 Too Many Requests,dxy.cn,https://edit.c46hvr8sm37t765jnjo0.dxy.cn
download.harbor.dxy.cn,http,,dxy.cn,http://download.harbor.dxy.cn
go.upload.so.6d.dxy.cn,http,,dxy.cn,http://go.upload.so.6d.dxy.cn
https://dev.edit.host4.dxy.cn,https,,dxy.cn,https://dev.edit.host4.dxy.cn
https://download.codepush.dxy.cn,https,,dxy.cn,https://download.codepush.dxy.cn
boss.edit.host4.dxy.cn,http,,dxy.cn,http://boss.edit.host4.dxy.cn
https://edit.c46hj4osm37r9957hfi0.dxy.cn,https,,dxy.cn,https://edit.c46hj4osm37r9957hfi0.dxy.cn
edit.c46hkfosm37rk3sr6ud0.dxy.cn,http,,dxy.cn,http://edit.c46hkfosm37rk3sr6ud0.dxy.cn
https://update.pma.upload.adm.dq.dxy.cn,https,429 Too Many Requests,dxy.cn,https://update.pma.upload.adm.dq.dxy.cn
pop.edit.host4.dxy.cn,http,,dxy.cn,http://pop.edit.host4.dxy.cn
https://mysql.upload.ccm.dxy.cn,https,429 Too Many Requests,dxy.cn,https://mysql.upload.ccm.dxy.cn
live.edit.host4.dxy.cn,http,,dxy.cn,http://live.edit.host4.dxy.cn
https://down.edit.host4.dxy.cn,https,,dxy.cn,https://down.edit.host4.dxy.cn
https://stmp.upload.ccm.dxy.cn,https,429 Too Many Requests,dxy.cn,https://stmp.upload.ccm.dxy.cn
https://upload.hematol.dxy.cn,https,429 Too Many Requests,dxy.cn,https://upload.hematol.dxy.cn
https://apps.login.upload.adm.dq.dxy.cn,https,,dxy.cn,https://apps.login.upload.adm.dq.dxy.cn
https://edit.c46hkfosm37rk3sr6ud0.dxy.cn,https,429 Too Many Requests,dxy.cn,https://edit.c46hkfosm37rk3sr6ud0.dxy.cn
https://upload.stat.amp.dxy.cn,https,429 Too Many Requests,dxy.cn,https://upload.stat.amp.dxy.cn
https://pop.edit.eclass.dxy.cn,https,,dxy.cn,https://pop.edit.eclass.dxy.cn
https://edit.c46hha0sm37rf4ahqsc0.dxy.cn,https,429 Too Many Requests,dxy.cn,https://edit.c46hha0sm37rf4ahqsc0.dxy.cn
https://edit.c46hevosm37qq4lh39lg.dxy.cn,https,,dxy.cn,https://edit.c46hevosm37qq4lh39lg.dxy.cn
https://edit.autodiscover.chat.dxy.cn,https,,dxy.cn,https://edit.autodiscover.chat.dxy.cn
css.edit.host4.dxy.cn,http,,dxy.cn,http://css.edit.host4.dxy.cn
upload.adm.email.dxy.cn,http,,dxy.cn,http://upload.adm.email.dxy.cn
https://stat.edit.drugcoverage.dxy.cn,https,,dxy.cn,https://stat.edit.drugcoverage.dxy.cn
wiki.edit.host4.dxy.cn,http,,dxy.cn,http://wiki.edit.host4.dxy.cn
https://download.device.dxy.cn,https,,dxy.cn,https://download.device.dxy.cn
upload.manage.cns.dxy.cn,http,,dxy.cn,http://upload.manage.cns.dxy.cn
https://mail.edit.host4.dxy.cn,https,,dxy.cn,https://mail.edit.host4.dxy.cn
upload.stat.amp.dxy.cn,http,,dxy.cn,http://upload.stat.amp.dxy.cn
https://edit.c46hvr8sm37t765jne30.dxy.cn,https,429 Too Many Requests,dxy.cn,https://edit.c46hvr8sm37t765jne30.dxy.cn
edit.c46hutgsm37svefe3140.dxy.cn,http,,dxy.cn,http://edit.c46hutgsm37svefe3140.dxy.cn
edit.c46hha0sm37rf4ahs850.dxy.cn,http,,dxy.cn,http://edit.c46hha0sm37rf4ahs850.dxy.cn
https://wiki.edit.host4.dxy.cn,https,429 Too Many Requests,dxy.cn,https://wiki.edit.host4.dxy.cn
lib.edit.eclass.dxy.cn,http,,dxy.cn,http://lib.edit.eclass.dxy.cn
edit.atgc-admin.dxy.cn,http,,dxy.cn,http://edit.atgc-admin.dxy.cn
upload.campus-it.dxy.cn,http,,dxy.cn,http://upload.campus-it.dxy.cn
https://download.bbsint.dxy.cn,https,,dxy.cn,https://download.bbsint.dxy.cn
https://edit.c46hi6gsm37rc60c893g.dxy.cn,https,429 Too Many Requests,dxy.cn,https://edit.c46hi6gsm37rc60c893g.dxy.cn
edit.c46hutgsm37svefe2olg.dxy.cn,http,,dxy.cn,http://edit.c46hutgsm37svefe2olg.dxy.cn
https://upload.campus-it.dxy.cn,https,,dxy.cn,https://upload.campus-it.dxy.cn
auth.edit.host4.dxy.cn,http,,dxy.cn,http://auth.edit.host4.dxy.cn
https://download.advise.dxy.cn,https,,dxy.cn,https://download.advise.dxy.cn
download.device.dxy.cn,http,,dxy.cn,http://download.device.dxy.cn
https://edit.c46h04gsm37oqkgjllag.dxy.cn,https,429 Too Many Requests,dxy.cn,https://edit.c46h04gsm37oqkgjllag.dxy.cn
https://edit.c46hutgsm37svefe2olg.dxy.cn,https,429 Too Many Requests,dxy.cn,https://edit.c46hutgsm37svefe2olg.dxy.cn
https://css.edit.host4.dxy.cn,https,429 Too Many Requests,dxy.cn,https://css.edit.host4.dxy.cn
stmp.upload.ccm.dxy.cn,http,,dxy.cn,http://stmp.upload.ccm.dxy.cn
adm.edit.host4.dxy.cn,http,,dxy.cn,http://adm.edit.host4.dxy.cn
https://upload.manage.cns.dxy.cn,https,,dxy.cn,https://upload.manage.cns.dxy.cn
edit.c46h04gsm37oqkgjknug.dxy.cn,http,,dxy.cn,http://edit.c46h04gsm37oqkgjknug.dxy.cn
edit.c46h04gsm37oqkgjllag.dxy.cn,http,,dxy.cn,http://edit.c46h04gsm37oqkgjllag.dxy.cn
https://vote.edit.host4.dxy.cn,https,,dxy.cn,https://vote.edit.host4.dxy.cn
download.advise.dxy.cn,http,,dxy.cn,http://download.advise.dxy.cn
https://upload.chanaapp.dxy.cn,https,429 Too Many Requests,dxy.cn,https://upload.chanaapp.dxy.cn
https://edit.c46hha0sm37rf4ahs850.dxy.cn,https,429 Too Many Requests,dxy.cn,https://edit.c46hha0sm37rf4ahs850.dxy.cn
https://lib.edit.eclass.dxy.cn,https,,dxy.cn,https://lib.edit.eclass.dxy.cn
edit.c46h2g8sm37p3lhlq36g.dxy.cn,http,,dxy.cn,http://edit.c46h2g8sm37p3lhlq36g.dxy.cn
https://pop.edit.host4.dxy.cn,https,429 Too Many Requests,dxy.cn,https://pop.edit.host4.dxy.cn
edit.autodiscover.chat.dxy.cn,http,429 Too Many Requests,dxy.cn,http://edit.autodiscover.chat.dxy.cn
https://master.edit.drugcoverage.dxy.cn,https,429 Too Many Requests,dxy.cn,https://master.edit.drugcoverage.dxy.cn
stat.edit.drugcoverage.dxy.cn,http,,dxy.cn,http://stat.edit.drugcoverage.dxy.cn
apps.login.upload.adm.dq.dxy.cn,http,,dxy.cn,http://apps.login.upload.adm.dq.dxy.cn
mail.edit.host4.dxy.cn,http,,dxy.cn,http://mail.edit.host4.dxy.cn
https://ht.edit.host4.dxy.cn,https,,dxy.cn,https://ht.edit.host4.dxy.cn
edit.dspam.dxy.cn,http,,dxy.cn,http://edit.dspam.dxy.cn
edit.chest.dxy.cn,http,,dxy.cn,http://edit.chest.dxy.cn
https://edit.dxclinics.dxy.cn,https,,dxy.cn,https://edit.dxclinics.dxy.cn
https://oa.edit.host4.dxy.cn,https,,dxy.cn,https://oa.edit.host4.dxy.cn
https://download.email.dxy.cn,https,429 Too Many Requests,dxy.cn,https://download.email.dxy.cn
https://download.chest.dxy.cn,https,,dxy.cn,https://download.chest.dxy.cn
https://download.duma.dxy.cn,https,429 Too Many Requests,dxy.cn,https://download.duma.dxy.cn
https://edit.freeocean.dxy.cn,https,429 Too Many Requests,dxy.cn,https://edit.freeocean.dxy.cn
https://download.club.dxy.cn,https,,dxy.cn,https://download.club.dxy.cn
https://upload.harbor.dxy.cn,https,,dxy.cn,https://upload.harbor.dxy.cn
download.duma.dxy.cn,http,,dxy.cn,http://download.duma.dxy.cn
https://download.atgc.dxy.cn,https,,dxy.cn,https://download.atgc.dxy.cn
https://download.heart.dxy.cn,https,,dxy.cn,https://download.heart.dxy.cn
oa.edit.host4.dxy.cn,http,,dxy.cn,http://oa.edit.host4.dxy.cn
azure.download.dxy.cn,http,,dxy.cn,http://azure.download.dxy.cn
ht.edit.host4.dxy.cn,http,,dxy.cn,http://ht.edit.host4.dxy.cn
https://edit.s.dental.dxy.cn,https,,dxy.cn,https://edit.s.dental.dxy.cn
https://download.dspam.dxy.cn,https,,dxy.cn,https://download.dspam.dxy.cn
https://www.edit.h.dxy.cn,https,429 Too Many Requests,dxy.cn,https://www.edit.h.dxy.cn
download.dspam.dxy.cn,http,,dxy.cn,http://download.dspam.dxy.cn
edit.e.dxy.cn,http,,dxy.cn,http://edit.e.dxy.cn
intra.download.dxy.cn,http,,dxy.cn,http://intra.download.dxy.cn
download.derm.dxy.cn,http,,dxy.cn,http://download.derm.dxy.cn
upload.device.dxy.cn,http,,dxy.cn,http://upload.device.dxy.cn
upload.fisica.dxy.cn,http,,dxy.cn,http://upload.fisica.dxy.cn
download.atgc.dxy.cn,http,,dxy.cn,http://download.atgc.dxy.cn
https://upload.fisica.dxy.cn,https,,dxy.cn,https://upload.fisica.dxy.cn
edit.dxclinics.dxy.cn,http,,dxy.cn,http://edit.dxclinics.dxy.cn
download.heart.dxy.cn,http,,dxy.cn,http://download.heart.dxy.cn
upload.dental.dxy.cn,http,,dxy.cn,http://upload.dental.dxy.cn
https://id.edit.host4.dxy.cn,https,429 Too Many Requests,dxy.cn,https://id.edit.host4.dxy.cn
https://download.derm.dxy.cn,https,429 Too Many Requests,dxy.cn,https://download.derm.dxy.cn
edit.freeocean.dxy.cn,http,,dxy.cn,http://edit.freeocean.dxy.cn
https://edit.www.e.dxy.cn,https,429 Too Many Requests,dxy.cn,https://edit.www.e.dxy.cn
edit.www.e.dxy.cn,http,,dxy.cn,http://edit.www.e.dxy.cn
https://edit.dspam.dxy.cn,https,429 Too Many Requests,dxy.cn,https://edit.dspam.dxy.cn
edit.derm.dxy.cn,http,,dxy.cn,http://edit.derm.dxy.cn
https://edit.chest.dxy.cn,https,429 Too Many Requests,dxy.cn,https://edit.chest.dxy.cn
https://edit.derm.dxy.cn,https,,dxy.cn,https://edit.derm.dxy.cn
https://edit.auth.dxy.cn,https,429 Too Many Requests,dxy.cn,https://edit.auth.dxy.cn
https://edit.dw.dxy.cn,https,429 Too Many Requests,dxy.cn,https://edit.dw.dxy.cn
https://upload.a.dxy.cn,https,,dxy.cn,https://upload.a.dxy.cn
https://edit.999.dxy.cn,https,,dxy.cn,https://edit.999.dxy.cn
edit.999.dxy.cn,http,,dxy.cn,http://edit.999.dxy.cn
https://edit.g.dxy.cn,https,,dxy.cn,https://edit.g.dxy.cn
https://edit.e.dxy.cn,https,,dxy.cn,https://edit.e.dxy.cn
upload.a.dxy.cn,http,,dxy.cn,http://upload.a.dxy.cn
https://edit.gg.dxy.cn,https,429 Too Many Requests,dxy.cn,https://edit.gg.dxy.cn
upload.2.dxy.cn,http,,dxy.cn,http://upload.2.dxy.cn
edit.dw.dxy.cn,http,,dxy.cn,http://edit.dw.dxy.cn
edit.go.dxy.cn,http,,dxy.cn,http://edit.go.dxy.cn
https://edit.go.dxy.cn,https,,dxy.cn,https://edit.go.dxy.cn
edit.g.dxy.cn,http,,dxy.cn,http://edit.g.dxy.cn
edit.auth.dxy.cn,http,429 Too Many Requests,dxy.cn,http://edit.auth.dxy.cn
https://upload.2.dxy.cn,https,,dxy.cn,https://upload.2.dxy.cn
https://edit.down.dxy.cn,https,,dxy.cn,https://edit.down.dxy.cn
edit.down.dxy.cn,http,,dxy.cn,http://edit.down.dxy.cn
https://edit.drugs.dxy.cn,https,,dxy.cn,https://edit.drugs.dxy.cn
bugzilla.lib.edit.drugs.dxy.cn,http,,dxy.cn,http://bugzilla.lib.edit.drugs.dxy.cn
https://files.ldap.b.bugzilla.lib.edit.drugs.dxy.cn,https,,dxy.cn,https://files.ldap.b.bugzilla.lib.edit.drugs.dxy.cn
https://log.cas.b.bugzilla.lib.edit.drugs.dxy.cn,https,,dxy.cn,https://log.cas.b.bugzilla.lib.edit.drugs.dxy.cn
sandbox.ldap.b.bugzilla.lib.edit.drugs.dxy.cn,http,,dxy.cn,http://sandbox.ldap.b.bugzilla.lib.edit.drugs.dxy.cn
search.ldap.b.bugzilla.lib.edit.drugs.dxy.cn,http,,dxy.cn,http://search.ldap.b.bugzilla.lib.edit.drugs.dxy.cn
cache.b.bugzilla.lib.edit.drugs.dxy.cn,http,,dxy.cn,http://cache.b.bugzilla.lib.edit.drugs.dxy.cn
https://passport.upload.adm.dq.dxy.cn,https,,dxy.cn,https://passport.upload.adm.dq.dxy.cn
https://test.upload.forum.dxy.cn,https,,dxy.cn,https://test.upload.forum.dxy.cn
https://pma.upload.adm.dq.dxy.cn,https,,dxy.cn,https://pma.upload.adm.dq.dxy.cn
passport.upload.adm.dq.dxy.cn,http,,dxy.cn,http://passport.upload.adm.dq.dxy.cn
upload.adm.dq.dxy.cn,http,,dxy.cn,http://upload.adm.dq.dxy.cn
pma.upload.adm.dq.dxy.cn,http,,dxy.cn,http://pma.upload.adm.dq.dxy.cn
https://connect.service.download.drugs.dxy.cn,https,,dxy.cn,https://connect.service.download.drugs.dxy.cn
https://upload.forum.dxy.cn,https,,dxy.cn,https://upload.forum.dxy.cn
https://upload.adm.dq.dxy.cn,https,,dxy.cn,https://upload.adm.dq.dxy.cn
https://img01.download.drugs.dxy.cn,https,,dxy.cn,https://img01.download.drugs.dxy.cn
https://service.download.drugs.dxy.cn,https,,dxy.cn,https://service.download.drugs.dxy.cn
img01.download.drugs.dxy.cn,http,,dxy.cn,http://img01.download.drugs.dxy.cn
img03.img01.download.drugs.dxy.cn,http,,dxy.cn,http://img03.img01.download.drugs.dxy.cn
https://update.service.download.drugs.dxy.cn,https,,dxy.cn,https://update.service.download.drugs.dxy.cn
update.service.download.drugs.dxy.cn,http,,dxy.cn,http://update.service.download.drugs.dxy.cn
https://cas.b.bugzilla.lib.edit.drugs.dxy.cn,https,,dxy.cn,https://cas.b.bugzilla.lib.edit.drugs.dxy.cn
ldap.b.bugzilla.lib.edit.drugs.dxy.cn,http,,dxy.cn,http://ldap.b.bugzilla.lib.edit.drugs.dxy.cn
https://ldap.b.bugzilla.lib.edit.drugs.dxy.cn,https,,dxy.cn,https://ldap.b.bugzilla.lib.edit.drugs.dxy.cn
edit.drugs.dxy.cn,http,,dxy.cn,http://edit.drugs.dxy.cn
https://lib.edit.drugs.dxy.cn,https,,dxy.cn,https://lib.edit.drugs.dxy.cn
download.drugs.dxy.cn,http,,dxy.cn,http://download.drugs.dxy.cn
b.bugzilla.lib.edit.drugs.dxy.cn,http,,dxy.cn,http://b.bugzilla.lib.edit.drugs.dxy.cn
service.download.drugs.dxy.cn,http,,dxy.cn,http://service.download.drugs.dxy.cn
https://download.drugs.dxy.cn,https,,dxy.cn,https://download.drugs.dxy.cn
https://img03.img01.download.drugs.dxy.cn,https,,dxy.cn,https://img03.img01.download.drugs.dxy.cn
cas.b.bugzilla.lib.edit.drugs.dxy.cn,http,,dxy.cn,http://cas.b.bugzilla.lib.edit.drugs.dxy.cn
https://bugzilla.lib.edit.drugs.dxy.cn,https,,dxy.cn,https://bugzilla.lib.edit.drugs.dxy.cn
https://b.bugzilla.lib.edit.drugs.dxy.cn,https,,dxy.cn,https://b.bugzilla.lib.edit.drugs.dxy.cn
lib.edit.drugs.dxy.cn,http,,dxy.cn,http://lib.edit.drugs.dxy.cn
https://boss.cas.b.bugzilla.lib.edit.drugs.dxy.cn,https,,dxy.cn,https://boss.cas.b.bugzilla.lib.edit.drugs.dxy.cn
profile.img03.img01.download.drugs.dxy.cn,http,,dxy.cn,http://profile.img03.img01.download.drugs.dxy.cn
download.staff.counter.count.res.jira.drugs.dxy.cn,http,,dxy.cn,http://download.staff.counter.count.res.jira.drugs.dxy.cn
https://sslvpn.cas.b.bugzilla.lib.edit.drugs.dxy.cn,https,,dxy.cn,https://sslvpn.cas.b.bugzilla.lib.edit.drugs.dxy.cn
https://home.img03.img01.download.drugs.dxy.cn,https,,dxy.cn,https://home.img03.img01.download.drugs.dxy.cn
https://vote.cas.b.bugzilla.lib.edit.drugs.dxy.cn,https,,dxy.cn,https://vote.cas.b.bugzilla.lib.edit.drugs.dxy.cn
https://webht.b.bugzilla.lib.edit.drugs.dxy.cn,https,,dxy.cn,https://webht.b.bugzilla.lib.edit.drugs.dxy.cn
feedback.ldap.b.bugzilla.lib.edit.drugs.dxy.cn,http,,dxy.cn,http://feedback.ldap.b.bugzilla.lib.edit.drugs.dxy.cn
sql.ldap.b.bugzilla.lib.edit.drugs.dxy.cn,http,,dxy.cn,http://sql.ldap.b.bugzilla.lib.edit.drugs.dxy.cn
https://imap.img03.img01.download.drugs.dxy.cn,https,,dxy.cn,https://imap.img03.img01.download.drugs.dxy.cn
docs.cas.b.bugzilla.lib.edit.drugs.dxy.cn,http,,dxy.cn,http://docs.cas.b.bugzilla.lib.edit.drugs.dxy.cn
https://system.b.bugzilla.lib.edit.drugs.dxy.cn,https,,dxy.cn,https://system.b.bugzilla.lib.edit.drugs.dxy.cn
https://download.staff.counter.count.res.jira.drugs.dxy.cn,https,,dxy.cn,https://download.staff.counter.count.res.jira.drugs.dxy.cn
sms.update.service.download.drugs.dxy.cn,http,,dxy.cn,http://sms.update.service.download.drugs.dxy.cn
https://docs.cas.b.bugzilla.lib.edit.drugs.dxy.cn,https,,dxy.cn,https://docs.cas.b.bugzilla.lib.edit.drugs.dxy.cn
https://gateway.update.service.download.drugs.dxy.cn,https,,dxy.cn,https://gateway.update.service.download.drugs.dxy.cn
c.cas.b.bugzilla.lib.edit.drugs.dxy.cn,http,,dxy.cn,http://c.cas.b.bugzilla.lib.edit.drugs.dxy.cn
https://upload.update.service.download.drugs.dxy.cn,https,,dxy.cn,https://upload.update.service.download.drugs.dxy.cn
https://search.ldap.b.bugzilla.lib.edit.drugs.dxy.cn,https,,dxy.cn,https://search.ldap.b.bugzilla.lib.edit.drugs.dxy.cn
https://sms.update.service.download.drugs.dxy.cn,https,,dxy.cn,https://sms.update.service.download.drugs.dxy.cn
https://dl.ldap.b.bugzilla.lib.edit.drugs.dxy.cn,https,,dxy.cn,https://dl.ldap.b.bugzilla.lib.edit.drugs.dxy.cn
0n465kvesydbxv66.test.upload.forum.dxy.cn,http,,dxy.cn,http://0n465kvesydbxv66.test.upload.forum.dxy.cn
https://sql.ldap.b.bugzilla.lib.edit.drugs.dxy.cn,https,,dxy.cn,https://sql.ldap.b.bugzilla.lib.edit.drugs.dxy.cn
https://profile.img03.img01.download.drugs.dxy.cn,https,,dxy.cn,https://profile.img03.img01.download.drugs.dxy.cn
https://download.log.count.res.jira.drugs.dxy.cn,https,,dxy.cn,https://download.log.count.res.jira.drugs.dxy.cn
https://ldap.ldap.b.bugzilla.lib.edit.drugs.dxy.cn,https,,dxy.cn,https://ldap.ldap.b.bugzilla.lib.edit.drugs.dxy.cn
https://sandbox.ldap.b.bugzilla.lib.edit.drugs.dxy.cn,https,,dxy.cn,https://sandbox.ldap.b.bugzilla.lib.edit.drugs.dxy.cn
system.b.bugzilla.lib.edit.drugs.dxy.cn,http,,dxy.cn,http://system.b.bugzilla.lib.edit.drugs.dxy.cn
counter.ldap.b.bugzilla.lib.edit.drugs.dxy.cn,http,,dxy.cn,http://counter.ldap.b.bugzilla.lib.edit.drugs.dxy.cn
xml.connect.service.download.drugs.dxy.cn,http,,dxy.cn,http://xml.connect.service.download.drugs.dxy.cn
files.ldap.b.bugzilla.lib.edit.drugs.dxy.cn,http,,dxy.cn,http://files.ldap.b.bugzilla.lib.edit.drugs.dxy.cn
https://updates.update.service.download.drugs.dxy.cn,https,,dxy.cn,https://updates.update.service.download.drugs.dxy.cn
https://xml.connect.service.download.drugs.dxy.cn,https,,dxy.cn,https://xml.connect.service.download.drugs.dxy.cn
beta.cas.b.bugzilla.lib.edit.drugs.dxy.cn,http,,dxy.cn,http://beta.cas.b.bugzilla.lib.edit.drugs.dxy.cn
https://img02.cas.b.bugzilla.lib.edit.drugs.dxy.cn,https,,dxy.cn,https://img02.cas.b.bugzilla.lib.edit.drugs.dxy.cn
home.img03.img01.download.drugs.dxy.cn,http,,dxy.cn,http://home.img03.img01.download.drugs.dxy.cn
https://assets.update.service.download.drugs.dxy.cn,https,,dxy.cn,https://assets.update.service.download.drugs.dxy.cn
img02.cas.b.bugzilla.lib.edit.drugs.dxy.cn,http,,dxy.cn,http://img02.cas.b.bugzilla.lib.edit.drugs.dxy.cn
updates.update.service.download.drugs.dxy.cn,http,,dxy.cn,http://updates.update.service.download.drugs.dxy.cn
https://yyyyyyyyyvote.passport.upload.adm.dq.dxy.cn,https,,dxy.cn,https://yyyyyyyyyvote.passport.upload.adm.dq.dxy.cn
log.cas.b.bugzilla.lib.edit.drugs.dxy.cn,http,,dxy.cn,http://log.cas.b.bugzilla.lib.edit.drugs.dxy.cn
https://counter.ldap.b.bugzilla.lib.edit.drugs.dxy.cn,https,,dxy.cn,https://counter.ldap.b.bugzilla.lib.edit.drugs.dxy.cn
webht.b.bugzilla.lib.edit.drugs.dxy.cn,http,,dxy.cn,http://webht.b.bugzilla.lib.edit.drugs.dxy.cn
imap.img03.img01.download.drugs.dxy.cn,http,,dxy.cn,http://imap.img03.img01.download.drugs.dxy.cn
cp.update.service.download.drugs.dxy.cn,http,,dxy.cn,http://cp.update.service.download.drugs.dxy.cn
https://img.ldap.b.bugzilla.lib.edit.drugs.dxy.cn,https,,dxy.cn,https://img.ldap.b.bugzilla.lib.edit.drugs.dxy.cn
https://3g.cas.b.bugzilla.lib.edit.drugs.dxy.cn,https,,dxy.cn,https://3g.cas.b.bugzilla.lib.edit.drugs.dxy.cn
https://demo.update.service.download.drugs.dxy.cn,https,,dxy.cn,https://demo.update.service.download.drugs.dxy.cn
https://feedback.ldap.b.bugzilla.lib.edit.drugs.dxy.cn,https,,dxy.cn,https://feedback.ldap.b.bugzilla.lib.edit.drugs.dxy.cn
app.cas.b.bugzilla.lib.edit.drugs.dxy.cn,http,,dxy.cn,http://app.cas.b.bugzilla.lib.edit.drugs.dxy.cn
https://0n465kvesydbxv66.test.upload.forum.dxy.cn,https,,dxy.cn,https://0n465kvesydbxv66.test.upload.forum.dxy.cn
boss.cas.b.bugzilla.lib.edit.drugs.dxy.cn,http,,dxy.cn,http://boss.cas.b.bugzilla.lib.edit.drugs.dxy.cn
https://control.img03.img01.download.drugs.dxy.cn,https,,dxy.cn,https://control.img03.img01.download.drugs.dxy.cn
yyyyyyyyyvote.passport.upload.adm.dq.dxy.cn,http,,dxy.cn,http://yyyyyyyyyvote.passport.upload.adm.dq.dxy.cn
control.img03.img01.download.drugs.dxy.cn,http,,dxy.cn,http://control.img03.img01.download.drugs.dxy.cn
https://app.cas.b.bugzilla.lib.edit.drugs.dxy.cn,https,,dxy.cn,https://app.cas.b.bugzilla.lib.edit.drugs.dxy.cn
yyyyyyyyyportal.pma.upload.adm.dq.dxy.cn,http,,dxy.cn,http://yyyyyyyyyportal.pma.upload.adm.dq.dxy.cn
gateway.update.service.download.drugs.dxy.cn,http,,dxy.cn,http://gateway.update.service.download.drugs.dxy.cn
https://yyyyyyyyyportal.pma.upload.adm.dq.dxy.cn,https,,dxy.cn,https://yyyyyyyyyportal.pma.upload.adm.dq.dxy.cn
https://c.cas.b.bugzilla.lib.edit.drugs.dxy.cn,https,,dxy.cn,https://c.cas.b.bugzilla.lib.edit.drugs.dxy.cn
upload.update.service.download.drugs.dxy.cn,http,,dxy.cn,http://upload.update.service.download.drugs.dxy.cn
dl.ldap.b.bugzilla.lib.edit.drugs.dxy.cn,http,,dxy.cn,http://dl.ldap.b.bugzilla.lib.edit.drugs.dxy.cn
img.ldap.b.bugzilla.lib.edit.drugs.dxy.cn,http,,dxy.cn,http://img.ldap.b.bugzilla.lib.edit.drugs.dxy.cn
assets.update.service.download.drugs.dxy.cn,http,,dxy.cn,http://assets.update.service.download.drugs.dxy.cn
ldap.ldap.b.bugzilla.lib.edit.drugs.dxy.cn,http,,dxy.cn,http://ldap.ldap.b.bugzilla.lib.edit.drugs.dxy.cn
https://beta.cas.b.bugzilla.lib.edit.drugs.dxy.cn,https,,dxy.cn,https://beta.cas.b.bugzilla.lib.edit.drugs.dxy.cn
https://cache.b.bugzilla.lib.edit.drugs.dxy.cn,https,,dxy.cn,https://cache.b.bugzilla.lib.edit.drugs.dxy.cn
demo.update.service.download.drugs.dxy.cn,http,,dxy.cn,http://demo.update.service.download.drugs.dxy.cn
download.log.count.res.jira.drugs.dxy.cn,http,,dxy.cn,http://download.log.count.res.jira.drugs.dxy.cn
vote.cas.b.bugzilla.lib.edit.drugs.dxy.cn,http,,dxy.cn,http://vote.cas.b.bugzilla.lib.edit.drugs.dxy.cn
https://cp.update.service.download.drugs.dxy.cn,https,,dxy.cn,https://cp.update.service.download.drugs.dxy.cn
3g.cas.b.bugzilla.lib.edit.drugs.dxy.cn,http,,dxy.cn,http://3g.cas.b.bugzilla.lib.edit.drugs.dxy.cn
sslvpn.cas.b.bugzilla.lib.edit.drugs.dxy.cn,http,,dxy.cn,http://sslvpn.cas.b.bugzilla.lib.edit.drugs.dxy.cn
edit.0-68.dxy.cn,http,,dxy.cn,http://edit.0-68.dxy.cn
https://edit.0-68.dxy.cn,https,,dxy.cn,https://edit.0-68.dxy.cn
upload.12-1.dxy.cn,http,,dxy.cn,http://upload.12-1.dxy.cn
download.0000sexygia.dxy.cn,http,,dxy.cn,http://download.0000sexygia.dxy.cn
https://download.0000sexygia.dxy.cn,https,,dxy.cn,https://download.0000sexygia.dxy.cn
https://edit.0-wn.dxy.cn,https,,dxy.cn,https://edit.0-wn.dxy.cn
upload.0-29.dxy.cn,http,,dxy.cn,http://upload.0-29.dxy.cn
edit.0-116.dxy.cn,http,,dxy.cn,http://edit.0-116.dxy.cn
https://edit.0-101.dxy.cn,https,,dxy.cn,https://edit.0-101.dxy.cn
https://download.15years.dxy.cn,https,,dxy.cn,https://download.15years.dxy.cn
https://download.0-119.dxy.cn,https,,dxy.cn,https://download.0-119.dxy.cn
https://download.195.148.dxy.cn,https,,dxy.cn,https://download.195.148.dxy.cn
edit.195.148.dxy.cn,http,,dxy.cn,http://edit.195.148.dxy.cn
https://upload.12-1.dxy.cn,https,,dxy.cn,https://upload.12-1.dxy.cn
edit.0-wn.dxy.cn,http,,dxy.cn,http://edit.0-wn.dxy.cn
https://edit.0-116.dxy.cn,https,,dxy.cn,https://edit.0-116.dxy.cn
https://upload.0-29.dxy.cn,https,,dxy.cn,https://upload.0-29.dxy.cn
edit.0-101.dxy.cn,http,,dxy.cn,http://edit.0-101.dxy.cn
download.15years.dxy.cn,http,,dxy.cn,http://download.15years.dxy.cn
download.195.148.dxy.cn,http,,dxy.cn,http://download.195.148.dxy.cn
https://edit.195.148.dxy.cn,https,,dxy.cn,https://edit.195.148.dxy.cn
https://upload.0-hepatology.dxy.cn,https,,dxy.cn,https://upload.0-hepatology.dxy.cn
upload.0-hepatology.dxy.cn,http,,dxy.cn,http://upload.0-hepatology.dxy.cn
edit.0-63.dxy.cn,http,,dxy.cn,http://edit.0-63.dxy.cn
https://edit.0-63.dxy.cn,https,,dxy.cn,https://edit.0-63.dxy.cn
https://edit.0-qk.dxy.cn,https,,dxy.cn,https://edit.0-qk.dxy.cn
edit.0-qk.dxy.cn,http,,dxy.cn,http://edit.0-qk.dxy.cn
download.0000mg.dxy.cn,http,,dxy.cn,http://download.0000mg.dxy.cn
download.6d.dxy.cn,http,,dxy.cn,http://download.6d.dxy.cn
https://download.6d.dxy.cn,https,,dxy.cn,https://download.6d.dxy.cn
https://download.0000mg.dxy.cn,https,,dxy.cn,https://download.0000mg.dxy.cn
upload.vote.029.dxy.cn,http,,dxy.cn,http://upload.vote.029.dxy.cn
https://upload.vote.029.dxy.cn,https,,dxy.cn,https://upload.vote.029.dxy.cn
https://upload.0-240.dxy.cn,https,,dxy.cn,https://upload.0-240.dxy.cn
upload.0-240.dxy.cn,http,,dxy.cn,http://upload.0-240.dxy.cn
best.dxy.cn,http,2010全国乙肝临床案例征集暨演讲大赛  ,dxy.cn,http://best.dxy.cn
https://simuat.dxy.cn,https,登录 - SIM,dxy.cn,https://simuat.dxy.cn
bifico.dxy.cn,http,菲比寻常 微生态制剂应用新进展网络大讲堂 - 丁香园  ,dxy.cn,http://bifico.dxy.cn
mpzsjs.dxy.cn,http,第五届美平杯抗感染知识竞赛 | 百医争鸣 抗击感染,dxy.cn,http://mpzsjs.dxy.cn
wls.dxy.cn,http,2011“为力苏杯”消化临床论文/病例报告征集暨演讲大赛,dxy.cn,http://wls.dxy.cn
meineng.dxy.cn,http,卫材美能资讯专区,dxy.cn,http://meineng.dxy.cn
bexam.dxy.cn,http,2009 乙肝耐药知识全国挑战赛,dxy.cn,http://bexam.dxy.cn
https://healtheap.dxy.cn,https,丁香大健康 - HEAP身心整合健康管理服务,dxy.cn,https://healtheap.dxy.cn
sinefly.dxy.cn,http,“信谊杯”儿科知识竞赛,dxy.cn,http://sinefly.dxy.cn
artsurgery.dxy.cn,http,2012爱惜康-外科手术艺术奖 | 生命之弦 动人演绎,dxy.cn,http://artsurgery.dxy.cn
https://wx.dxy.cn,https,登录 - WeChat,dxy.cn,https://wx.dxy.cn
https://h1.dxy.cn,https,,dxy.cn,https://h1.dxy.cn
cacaca.dxy.cn,http,中国抗癌协会肿瘤学院 | 网上肿瘤知识学习之家,dxy.cn,http://cacaca.dxy.cn
download.0-119.dxy.cn,http,,dxy.cn,http://download.0-119.dxy.cn
download.0-8y.dxy.cn,http,,dxy.cn,http://download.0-8y.dxy.cn
upload.000hotdoll000.dxy.cn,http,,dxy.cn,http://upload.000hotdoll000.dxy.cn
download.0-search.dxy.cn,http,,dxy.cn,http://download.0-search.dxy.cn
https://download.0-env.dxy.cn,https,,dxy.cn,https://download.0-env.dxy.cn
https://download.0-39.dxy.cn,https,,dxy.cn,https://download.0-39.dxy.cn
https://edit.000283.dxy.cn,https,,dxy.cn,https://edit.000283.dxy.cn
https://download.0-52.dxy.cn,https,,dxy.cn,https://download.0-52.dxy.cn
edit.0-quanke.dxy.cn,http,,dxy.cn,http://edit.0-quanke.dxy.cn
download.0-139.dxy.cn,http,,dxy.cn,http://download.0-139.dxy.cn
https://upload.000hotdoll000.dxy.cn,https,,dxy.cn,https://upload.000hotdoll000.dxy.cn
download.0-61.dxy.cn,http,,dxy.cn,http://download.0-61.dxy.cn
edit.0-search.dxy.cn,http,,dxy.cn,http://edit.0-search.dxy.cn
download.0-39.dxy.cn,http,,dxy.cn,http://download.0-39.dxy.cn
edit.000283.dxy.cn,http,,dxy.cn,http://edit.000283.dxy.cn
edit.54.0.dxy.cn,http,,dxy.cn,http://edit.54.0.dxy.cn
https://download.0-231.dxy.cn,https,,dxy.cn,https://download.0-231.dxy.cn
upload.000certificatepending.dxy.cn,http,,dxy.cn,http://upload.000certificatepending.dxy.cn
https://download.0-search.dxy.cn,https,,dxy.cn,https://download.0-search.dxy.cn
download.0-t0.dxy.cn,http,,dxy.cn,http://download.0-t0.dxy.cn
https://download.0-p8.dxy.cn,https,,dxy.cn,https://download.0-p8.dxy.cn
https://edit.0-ak.dxy.cn,https,,dxy.cn,https://edit.0-ak.dxy.cn
download.0-59-dot-matematica-rio.dxy.cn,http,,dxy.cn,http://download.0-59-dot-matematica-rio.dxy.cn
https://edit.0-quanke.dxy.cn,https,,dxy.cn,https://edit.0-quanke.dxy.cn
upload.0--o.dxy.cn,http,,dxy.cn,http://upload.0--o.dxy.cn
download.0-52.dxy.cn,http,,dxy.cn,http://download.0-52.dxy.cn
download.0-231.dxy.cn,http,,dxy.cn,http://download.0-231.dxy.cn
https://edit.0-me.dxy.cn,https,,dxy.cn,https://edit.0-me.dxy.cn
https://edit.000776.dxy.cn,https,,dxy.cn,https://edit.000776.dxy.cn
edit.0-cacaca.dxy.cn,http,,dxy.cn,http://edit.0-cacaca.dxy.cn
https://edit.000700.dxy.cn,https,,dxy.cn,https://edit.000700.dxy.cn
edit.0-h5.dxy.cn,http,,dxy.cn,http://edit.0-h5.dxy.cn
https://edit.54.0.dxy.cn,https,,dxy.cn,https://edit.54.0.dxy.cn
https://edit.0-y8.dxy.cn,https,,dxy.cn,https://edit.0-y8.dxy.cn
https://edit.0-h5.dxy.cn,https,,dxy.cn,https://edit.0-h5.dxy.cn
edit.000700.dxy.cn,http,,dxy.cn,http://edit.000700.dxy.cn
upload.000-614.dxy.cn,http,,dxy.cn,http://upload.000-614.dxy.cn
edit.000776.dxy.cn,http,,dxy.cn,http://edit.000776.dxy.cn
download.0-quanke.dxy.cn,http,,dxy.cn,http://download.0-quanke.dxy.cn
https://upload.000certificatepending.dxy.cn,https,,dxy.cn,https://upload.000certificatepending.dxy.cn
https://download.0-8y.dxy.cn,https,,dxy.cn,https://download.0-8y.dxy.cn
https://edit.0-cacaca.dxy.cn,https,,dxy.cn,https://edit.0-cacaca.dxy.cn
https://upload.0--o.dxy.cn,https,,dxy.cn,https://upload.0--o.dxy.cn
https://download.0-59-dot-matematica-rio.dxy.cn,https,,dxy.cn,https://download.0-59-dot-matematica-rio.dxy.cn
upload.000528.dxy.cn,http,,dxy.cn,http://upload.000528.dxy.cn
https://upload.000-614.dxy.cn,https,,dxy.cn,https://upload.000-614.dxy.cn
https://download.api.0.dxy.cn,https,,dxy.cn,https://download.api.0.dxy.cn
https://download.0-61.dxy.cn,https,,dxy.cn,https://download.0-61.dxy.cn
edit.0-y8.dxy.cn,http,,dxy.cn,http://edit.0-y8.dxy.cn
download.00-machine-setup.dxy.cn,http,,dxy.cn,http://download.00-machine-setup.dxy.cn
download.0-env.dxy.cn,http,,dxy.cn,http://download.0-env.dxy.cn
https://download.000-default.dxy.cn,https,,dxy.cn,https://download.000-default.dxy.cn
download.000-default.dxy.cn,http,,dxy.cn,http://download.000-default.dxy.cn
https://download.0-t0.dxy.cn,https,,dxy.cn,https://download.0-t0.dxy.cn
download.0-p8.dxy.cn,http,,dxy.cn,http://download.0-p8.dxy.cn
edit.0-ak.dxy.cn,http,,dxy.cn,http://edit.0-ak.dxy.cn
edit.0-me.dxy.cn,http,,dxy.cn,http://edit.0-me.dxy.cn
https://download.0-quanke.dxy.cn,https,,dxy.cn,https://download.0-quanke.dxy.cn
download.api.0.dxy.cn,http,,dxy.cn,http://download.api.0.dxy.cn
https://upload.000528.dxy.cn,https,,dxy.cn,https://upload.000528.dxy.cn
https://edit.0-search.dxy.cn,https,,dxy.cn,https://edit.0-search.dxy.cn
https://download.0-139.dxy.cn,https,,dxy.cn,https://download.0-139.dxy.cn
upload.10years.dxy.cn,http,,dxy.cn,http://upload.10years.dxy.cn
https://upload.10years.dxy.cn,https,,dxy.cn,https://upload.10years.dxy.cn
https://download.1.dxy.cn,https,,dxy.cn,https://download.1.dxy.cn
download.1.dxy.cn,http,,dxy.cn,http://download.1.dxy.cn
www.upload.dxy.cn,http,,dxy.cn,http://www.upload.dxy.cn
https://www.upload.dxy.cn,https,,dxy.cn,https://www.upload.dxy.cn
www.upload.dxy.cn,http,,dxy.cn,http://www.upload.dxy.cn
