id,alive,request,resolve,url,subdomain,level,cname,ip,public,cdn,port,status,reason,title,banner,cidr,asn,org,addr,isp,source
28,1,1,1,https://3g.dxy.cn,3g.dxy.cn,1,todclb.dxy.cn,212.129.163.50,1,0,443,200,OK,丁香园 - 医学交流社区，分享临床经验、病例讨论、考试科研、求职晋升经验,nginx,212.129.160.0/22,AS45090,Shenzhen Tencent Computer Systems Company Limited,中国上海上海市,电信,MySSLQuery
30,1,1,1,http://3g.dxy.cn,3g.dxy.cn,1,todclb.dxy.cn,212.129.163.50,1,0,80,200,OK,丁香园 - 医学交流社区，分享临床经验、病例讨论、考试科研、求职晋升经验,nginx,212.129.160.0/22,AS45090,Shenzhen Tencent Computer Systems Company Limited,中国上海上海市,电信,MySSLQuery
98,1,1,1,https://ai.sim.dxy.cn,ai.sim.dxy.cn,2,sim.dxy.cn,123.59.68.161,1,0,443,403,Forbidden,403 Forbidden,nginx,123.59.64.0/19,AS4808,China Unicom,中国北京北京市,电信,RapidDNSQuery
106,1,1,1,http://ai.sim.dxy.cn,ai.sim.dxy.cn,2,sim.dxy.cn,123.59.68.161,1,0,80,403,Forbidden,403 Forbidden,nginx,123.59.64.0/19,AS4808,China Unicom,中国北京北京市,电信,RapidDNSQuery
35,1,1,1,http://api.dxy.cn,api.dxy.cn,1,sim.dxy.cn,123.59.68.161,1,1,80,200,OK,丁香园_医疗领域的连接者_丁香园生物医药科技网,nginx,123.59.64.0/19,AS4808,China Unicom,中国北京北京市,电信,MySSLQuery
58,1,1,1,https://api.dxy.cn,api.dxy.cn,1,sim.dxy.cn,123.59.68.161,1,1,443,200,OK,丁香园_医疗领域的连接者_丁香园生物医药科技网,nginx,123.59.64.0/19,AS4808,China Unicom,中国北京北京市,电信,MySSLQuery
110,1,1,1,https://apisim.dxy.cn,apisim.dxy.cn,1,"apisim.dxy.cn,apisim.dxy.cn","115.159.98.109,193.112.52.206","1,1",1,443,200,OK,'',nginx,"115.159.0.0/17,193.112.32.0/19","AS45090,AS45090","Shenzhen Tencent Computer Systems Company Limited,Shenzhen Tencent Computer Systems Company Limited","中国上海上海市,中国广东省广州市","电信,电信",QianXunQuery
138,0,0,1,http://apisim.dxy.cn,apisim.dxy.cn,1,"apisim.dxy.cn,apisim.dxy.cn","115.159.98.109,193.112.52.206","1,1",0,80,,"(MaxRetryError(""HTTPConnectionPool(host='apisim.dxy.cn', port=80): Max retries exceeded with url: / (Caused by ConnectTimeoutError(<urllib3.connection.HTTPConnection object at 0x00000239F594DD50>, 'Connection to apisim.dxy.cn timed out. (connect timeout=13)'))""),)",,,"115.159.0.0/17,193.112.32.0/19","AS45090,AS45090","Shenzhen Tencent Computer Systems Company Limited,Shenzhen Tencent Computer Systems Company Limited","中国上海上海市,中国广东省广州市","电信,电信",QianXunQuery
15,1,1,1,https://app.dxy.cn,app.dxy.cn,1,todclb.dxy.cn,212.129.163.50,1,1,443,200,OK,丁香无线,nginx,212.129.160.0/22,AS45090,Shenzhen Tencent Computer Systems Company Limited,中国上海上海市,电信,MySSLQuery
25,1,1,1,http://app.dxy.cn,app.dxy.cn,1,todclb.dxy.cn,212.129.163.50,1,1,80,200,OK,丁香无线,nginx,212.129.160.0/22,AS45090,Shenzhen Tencent Computer Systems Company Limited,中国上海上海市,电信,MySSLQuery
4,1,1,1,https://auth.dxy.cn,auth.dxy.cn,1,qzhczqjd.e0.sched.ovscdns.com,23.236.99.89,1,1,443,200,,登录,nginx,23.236.99.0/24,AS21859,ZNET,美国德克萨斯达拉斯,层峰网络,MySSLQuery
37,1,1,1,http://auth.dxy.cn,auth.dxy.cn,1,qzhczqjd.e0.sched.ovscdns.com,23.236.99.89,1,1,80,200,,登录,nginx,23.236.99.0/24,AS21859,ZNET,美国德克萨斯达拉斯,层峰网络,MySSLQuery
100,1,1,1,https://authapi.dxy.cn,authapi.dxy.cn,1,"1bcs1xyd.e0.sched.ovscdns.com,1bcs1xyd.e0.sched.ovscdns.com,1bcs1xyd.e0.sched.ovscdns.com","101.33.11.32,101.33.11.106,43.152.29.38","1,1,1",1,443,200,,'',nginx,"101.33.0.0/16,101.33.0.0/16,43.128.0.0/10","AS131469,AS131469,AS-","Rm.2204 Building 2 Huihuang International Building,Rm.2204 Building 2 Huihuang International Building,-","中国北京北京市,中国北京北京市,澳大利亚","未知,未知,未知",QianXunQuery
113,1,1,1,http://authapi.dxy.cn,authapi.dxy.cn,1,"1bcs1xyd.e0.sched.ovscdns.com,1bcs1xyd.e0.sched.ovscdns.com,1bcs1xyd.e0.sched.ovscdns.com","101.33.11.32,101.33.11.106,43.152.29.38","1,1,1",1,80,200,,'',nginx,"101.33.0.0/16,101.33.0.0/16,43.128.0.0/10","AS131469,AS131469,AS-","Rm.2204 Building 2 Huihuang International Building,Rm.2204 Building 2 Huihuang International Building,-","中国北京北京市,中国北京北京市,澳大利亚","未知,未知,未知",QianXunQuery
146,1,1,1,http://bbs.dxy.cn,bbs.dxy.cn,2,uc1.dxy.cn,123.59.77.102,1,0,80,200,OK,丁香园 - 医学交流社区，分享临床经验、病例讨论、考试科研、求职晋升经验,nginx,123.59.64.0/19,AS4808,China Unicom,中国北京北京市,电信,Finder
152,1,1,1,https://bbs.dxy.cn,bbs.dxy.cn,2,uc1.dxy.cn,123.59.77.102,1,0,443,200,OK,丁香园 - 医学交流社区，分享临床经验、病例讨论、考试科研、求职晋升经验,nginx,123.59.64.0/19,AS4808,China Unicom,中国北京北京市,电信,Finder
43,1,1,1,http://bbsapi.dxy.cn,bbsapi.dxy.cn,1,todclb.dxy.cn,212.129.163.50,1,0,80,200,OK,'',nginx,212.129.160.0/22,AS45090,Shenzhen Tencent Computer Systems Company Limited,中国上海上海市,电信,IP138Query
44,1,1,1,https://bbsapi.dxy.cn,bbsapi.dxy.cn,1,todclb.dxy.cn,212.129.163.50,1,0,443,200,OK,'',nginx,212.129.160.0/22,AS45090,Shenzhen Tencent Computer Systems Company Limited,中国上海上海市,电信,IP138Query
143,1,1,1,http://blog.dxy.cn,blog.dxy.cn,2,"fe.dxy.cn,fe.dxy.cn,fe.dxy.cn","123.59.77.102,112.124.103.79,121.43.176.163","1,1,1",0,80,403,Forbidden,403 Forbidden,nginx,"123.59.64.0/19,112.124.0.0/17,121.43.0.0/16","AS4808,AS37963,AS37963","China Unicom,Hangzhou Alibaba Advertising Co. Ltd.,Hangzhou Alibaba Advertising Co. Ltd.","中国北京北京市,中国浙江省杭州市,中国浙江省杭州市","电信,阿里云,阿里云",Finder
151,1,1,1,https://blog.dxy.cn,blog.dxy.cn,2,"fe.dxy.cn,fe.dxy.cn,fe.dxy.cn","123.59.77.102,112.124.103.79,121.43.176.163","1,1,1",0,443,403,Forbidden,403 Forbidden,nginx,"123.59.64.0/19,112.124.0.0/17,121.43.0.0/16","AS4808,AS37963,AS37963","China Unicom,Hangzhou Alibaba Advertising Co. Ltd.,Hangzhou Alibaba Advertising Co. Ltd.","中国北京北京市,中国浙江省杭州市,中国浙江省杭州市","电信,阿里云,阿里云",Finder
63,1,1,1,http://bz1.dxy.cn,bz1.dxy.cn,1,bz1.dxy.cn,117.50.93.63,1,1,80,200,OK,'\n\n\n\n\nredirect in 1 second ...\n\n\n',nginx,117.50.64.0/19,AS4808,China Unicom,中国北京北京市,电信,DnsgrepQuery
74,1,1,1,https://bz1.dxy.cn,bz1.dxy.cn,1,bz1.dxy.cn,117.50.93.63,1,1,443,200,OK,'\n\n\n\n\nredirect in 1 second ...\n\n\n',nginx,117.50.64.0/19,AS4808,China Unicom,中国北京北京市,电信,DnsgrepQuery
108,0,1,1,https://bz2.dxy.cn,bz2.dxy.cn,1,bz2.dxy.cn,81.69.153.67,1,0,443,502,Bad Gateway,502 Bad Gateway,stgw,81.69.128.0/18,AS45090,Shenzhen Tencent Computer Systems Company Limited,中国上海上海市,电信,QianXunQuery
115,0,1,1,http://bz2.dxy.cn,bz2.dxy.cn,1,bz2.dxy.cn,81.69.153.67,1,0,80,502,Bad Gateway,502 Bad Gateway,stgw,81.69.128.0/18,AS45090,Shenzhen Tencent Computer Systems Company Limited,中国上海上海市,电信,QianXunQuery
87,0,1,1,https://bzc.dxy.cn,bzc.dxy.cn,1,bzc.dxy.cn,81.69.153.67,1,0,443,502,Bad Gateway,502 Bad Gateway,stgw,81.69.128.0/18,AS45090,Shenzhen Tencent Computer Systems Company Limited,中国上海上海市,电信,RapidDNSQuery
92,0,1,1,http://bzc.dxy.cn,bzc.dxy.cn,1,bzc.dxy.cn,81.69.153.67,1,0,80,502,Bad Gateway,502 Bad Gateway,stgw,81.69.128.0/18,AS45090,Shenzhen Tencent Computer Systems Company Limited,中国上海上海市,电信,RapidDNSQuery
16,1,1,1,https://canary.db.dxy.cn,canary.db.dxy.cn,2,bz1.dxy.cn,117.50.93.63,1,1,443,200,OK,丁香园 Insight 数据库,nginx,117.50.64.0/19,AS4808,China Unicom,中国北京北京市,电信,MySSLQuery
24,1,1,1,http://canary.db.dxy.cn,canary.db.dxy.cn,2,bz1.dxy.cn,117.50.93.63,1,1,80,200,OK,丁香园 Insight 数据库,nginx,117.50.64.0/19,AS4808,China Unicom,中国北京北京市,电信,MySSLQuery
132,0,0,1,https://care.sim.dxy.cn,care.sim.dxy.cn,2,bzc.dxy.cn,81.69.153.67,1,0,443,,"(MaxRetryError(""HTTPConnectionPool(host='care.sim.dxy.cn', port=806): Max retries exceeded with url: /care (Caused by ConnectTimeoutError(<urllib3.connection.HTTPConnection object at 0x00000239F5749630>, 'Connection to care.sim.dxy.cn timed out. (connect timeout=13)'))""),)",,,81.69.128.0/18,AS45090,Shenzhen Tencent Computer Systems Company Limited,中国上海上海市,电信,MySSLQuery
133,0,0,1,http://care.sim.dxy.cn,care.sim.dxy.cn,2,bzc.dxy.cn,81.69.153.67,1,0,80,,"(MaxRetryError(""HTTPConnectionPool(host='care.sim.dxy.cn', port=806): Max retries exceeded with url: /care (Caused by ConnectTimeoutError(<urllib3.connection.HTTPConnection object at 0x00000239F57FC9D0>, 'Connection to care.sim.dxy.cn timed out. (connect timeout=13)'))""),)",,,81.69.128.0/18,AS45090,Shenzhen Tencent Computer Systems Company Limited,中国上海上海市,电信,MySSLQuery
40,1,1,1,http://ccr.dxy.cn,ccr.dxy.cn,1,bz1.dxy.cn,117.50.93.63,1,1,80,200,OK,'\n\n\n\n\nredirect in 1 second ...\n\n\n',nginx,117.50.64.0/19,AS4808,China Unicom,中国北京北京市,电信,DnsgrepQuery
49,1,1,1,https://ccr.dxy.cn,ccr.dxy.cn,1,bz1.dxy.cn,117.50.93.63,1,1,443,200,OK,'\n\n\n\n\nredirect in 1 second ...\n\n\n',nginx,117.50.64.0/19,AS4808,China Unicom,中国北京北京市,电信,DnsgrepQuery
10,1,1,1,http://class-uat.dxy.cn,class-uat.dxy.cn,1,bz1.dxy.cn,117.50.93.63,1,1,80,200,OK,'\n\n\n\n\nredirect in 1 second ...\n\n\n',nginx,117.50.64.0/19,AS4808,China Unicom,中国北京北京市,电信,MySSLQuery
18,1,1,1,https://class-uat.dxy.cn,class-uat.dxy.cn,1,bz1.dxy.cn,117.50.93.63,1,0,443,403,Forbidden,403 Forbidden,nginx,117.50.64.0/19,AS4808,China Unicom,中国北京北京市,电信,MySSLQuery
51,1,1,1,https://class.dxy.cn,class.dxy.cn,1,todclb.dxy.cn,212.129.163.50,1,0,443,200,OK,丁香公开课 - 丁香园,nginx,212.129.160.0/22,AS45090,Shenzhen Tencent Computer Systems Company Limited,中国上海上海市,电信,CrossDomainCheck
52,1,1,1,http://class.dxy.cn,class.dxy.cn,1,todclb.dxy.cn,212.129.163.50,1,0,80,200,OK,丁香公开课 - 丁香园,nginx,212.129.160.0/22,AS45090,Shenzhen Tencent Computer Systems Company Limited,中国上海上海市,电信,CrossDomainCheck
46,1,1,1,https://club.dxy.cn,club.dxy.cn,1,bzc.dxy.cn,81.69.153.67,1,1,443,200,OK,'biz\n',nginx,81.69.128.0/18,AS45090,Shenzhen Tencent Computer Systems Company Limited,中国上海上海市,电信,DnsgrepQuery
56,1,1,1,http://club.dxy.cn,club.dxy.cn,1,bzc.dxy.cn,81.69.153.67,1,1,80,200,OK,'biz2\n',nginx,81.69.128.0/18,AS45090,Shenzhen Tencent Computer Systems Company Limited,中国上海上海市,电信,DnsgrepQuery
12,1,1,1,https://codepush.dxy.cn,codepush.dxy.cn,1,codepush.dxy.cn,113.31.106.11,1,0,443,403,Forbidden,403 Forbidden,nginx,113.31.96.0/20,AS4812,China Telecom (Group),中国北京北京市,电信,MySSLQuery
131,0,0,1,http://codepush.dxy.cn,codepush.dxy.cn,1,codepush.dxy.cn,113.31.106.11,1,0,80,,"(MaxRetryError(""HTTPConnectionPool(host='codepush.dxy.cn', port=80): Max retries exceeded with url: / (Caused by ConnectTimeoutError(<urllib3.connection.HTTPConnection object at 0x00000239F43A4490>, 'Connection to codepush.dxy.cn timed out. (connect timeout=13)'))""),)",,,113.31.96.0/20,AS4812,China Telecom (Group),中国北京北京市,电信,MySSLQuery
155,1,1,1,http://d.dxy.cn,d.dxy.cn,2,"fe.dxy.cn,fe.dxy.cn,fe.dxy.cn","112.124.103.79,121.43.176.163,123.59.77.102","1,1,1",0,80,200,,丁香园搜索,nginx,"112.124.0.0/17,121.43.0.0/16,123.59.64.0/19","AS37963,AS37963,AS4808","Hangzhou Alibaba Advertising Co. Ltd.,Hangzhou Alibaba Advertising Co. Ltd.,China Unicom","中国浙江省杭州市,中国浙江省杭州市,中国北京北京市","阿里云,阿里云,电信",Finder
158,1,1,1,https://d.dxy.cn,d.dxy.cn,2,"fe.dxy.cn,fe.dxy.cn,fe.dxy.cn","112.124.103.79,121.43.176.163,123.59.77.102","1,1,1",0,443,200,,丁香园搜索,nginx,"112.124.0.0/17,121.43.0.0/16,123.59.64.0/19","AS37963,AS37963,AS4808","Hangzhou Alibaba Advertising Co. Ltd.,Hangzhou Alibaba Advertising Co. Ltd.,China Unicom","中国浙江省杭州市,中国浙江省杭州市,中国北京北京市","阿里云,阿里云,电信",Finder
1,1,1,1,http://da.dxy.cn,da.dxy.cn,1,all.dxy.cn.w.kunlunsl.com,8.45.176.219,1,1,80,200,OK,'\n\n\n\n\nredirect in 1 second ...\n\n\n',nginx,8.45.176.0/20,AS3356,LEVEL3,美国,Level3,MySSLQuery
3,1,1,1,https://da.dxy.cn,da.dxy.cn,1,all.dxy.cn.w.kunlunsl.com,8.45.176.219,1,1,443,200,OK,'\n\n\n\n\nredirect in 1 second ...\n\n\n',nginx,8.45.176.0/20,AS3356,LEVEL3,美国,Level3,MySSLQuery
62,1,1,1,https://db.dxy.cn,db.dxy.cn,1,868f1b60ac01763c-cl2.qcloudzygj.com,81.69.64.111,1,1,443,200,OK,丁香园 Insight 数据库,,81.69.64.0/18,AS45090,Shenzhen Tencent Computer Systems Company Limited,中国上海上海市,电信,CrossDomainCheck
64,1,1,1,http://db.dxy.cn,db.dxy.cn,1,868f1b60ac01763c-cl2.qcloudzygj.com,81.69.64.111,1,1,80,200,OK,丁香园 Insight 数据库,,81.69.64.0/18,AS45090,Shenzhen Tencent Computer Systems Company Limited,中国上海上海市,电信,CrossDomainCheck
121,1,1,1,https://di.dxy.cn,di.dxy.cn,1,bz1.dxy.cn,117.50.93.63,1,0,443,403,Forbidden,403 Forbidden,nginx,117.50.64.0/19,AS4808,China Unicom,中国北京北京市,电信,AlienVaultQuery
125,1,1,1,http://di.dxy.cn,di.dxy.cn,1,bz1.dxy.cn,117.50.93.63,1,0,80,403,Forbidden,403 Forbidden,nginx,117.50.64.0/19,AS4808,China Unicom,中国北京北京市,电信,AlienVaultQuery
54,1,1,1,http://diabetes-bms.dxy.cn,diabetes-bms.dxy.cn,1,bz1.dxy.cn,117.50.93.63,1,1,80,200,OK,'\n\n\n\n\nredirect in 1 second ...\n\n\n',nginx,117.50.64.0/19,AS4808,China Unicom,中国北京北京市,电信,DnsgrepQuery
73,1,1,1,https://diabetes-bms.dxy.cn,diabetes-bms.dxy.cn,1,bz1.dxy.cn,117.50.93.63,1,1,443,200,OK,'\n\n\n\n\nredirect in 1 second ...\n\n\n',nginx,117.50.64.0/19,AS4808,China Unicom,中国北京北京市,电信,DnsgrepQuery
139,1,1,1,http://dq.dxy.cn,dq.dxy.cn,2,"fe.dxy.cn,fe.dxy.cn,fe.dxy.cn","123.59.77.102,112.124.103.79,121.43.176.163","1,1,1",0,80,403,Forbidden,403 Forbidden,nginx,"123.59.64.0/19,112.124.0.0/17,121.43.0.0/16","AS4808,AS37963,AS37963","China Unicom,Hangzhou Alibaba Advertising Co. Ltd.,Hangzhou Alibaba Advertising Co. Ltd.","中国北京北京市,中国浙江省杭州市,中国浙江省杭州市","电信,阿里云,阿里云",Finder
140,1,1,1,https://dq.dxy.cn,dq.dxy.cn,2,"fe.dxy.cn,fe.dxy.cn,fe.dxy.cn","123.59.77.102,112.124.103.79,121.43.176.163","1,1,1",0,443,403,Forbidden,403 Forbidden,nginx,"123.59.64.0/19,112.124.0.0/17,121.43.0.0/16","AS4808,AS37963,AS37963","China Unicom,Hangzhou Alibaba Advertising Co. Ltd.,Hangzhou Alibaba Advertising Co. Ltd.","中国北京北京市,中国浙江省杭州市,中国浙江省杭州市","电信,阿里云,阿里云",Finder
50,1,1,1,https://drugs.dxy.cn,drugs.dxy.cn,1,newdrugs.dxy.cn,175.24.250.217,1,1,443,200,OK,丁香园用药助手,"nginx,Next.js",175.24.192.0/18,AS45090,Shenzhen Tencent Computer Systems Company Limited,中国上海上海市,电信,MySSLQuery
61,1,1,1,http://drugs.dxy.cn,drugs.dxy.cn,1,newdrugs.dxy.cn,175.24.250.217,1,1,80,200,OK,丁香园用药助手,"nginx,Next.js",175.24.192.0/18,AS45090,Shenzhen Tencent Computer Systems Company Limited,中国上海上海市,电信,MySSLQuery
150,1,1,1,http://dxy.cn,dxy.cn,1,dxy.cn,112.124.103.79,1,1,80,200,OK,丁香园_医疗领域的连接者_丁香园生物医药科技网,nginx,112.124.0.0/17,AS37963,Hangzhou Alibaba Advertising Co. Ltd.,中国浙江省杭州市,阿里云,Finder
160,1,1,1,https://dxy.cn,dxy.cn,1,dxy.cn,112.124.103.79,1,1,443,200,OK,丁香园_医疗领域的连接者_丁香园生物医药科技网,nginx,112.124.0.0/17,AS37963,Hangzhou Alibaba Advertising Co. Ltd.,中国浙江省杭州市,阿里云,Finder
80,1,1,1,http://e.dxy.cn,e.dxy.cn,1,bz1.dxy.cn,117.50.93.63,1,1,80,200,OK,丁香智汇,nginx,117.50.64.0/19,AS4808,China Unicom,中国北京北京市,电信,ChinazQuery
96,1,1,1,https://e.dxy.cn,e.dxy.cn,1,bz1.dxy.cn,117.50.93.63,1,1,443,200,OK,丁香智汇,nginx,117.50.64.0/19,AS4808,China Unicom,中国北京北京市,电信,ChinazQuery
83,1,1,1,http://ebd.dxy.cn,ebd.dxy.cn,1,bz1.dxy.cn,117.50.93.63,1,1,80,200,OK,网站建设中...,nginx,117.50.64.0/19,AS4808,China Unicom,中国北京北京市,电信,DnsgrepQuery
95,1,1,1,https://ebd.dxy.cn,ebd.dxy.cn,1,bz1.dxy.cn,117.50.93.63,1,1,443,200,OK,网站建设中...,nginx,117.50.64.0/19,AS4808,China Unicom,中国北京北京市,电信,DnsgrepQuery
109,1,1,1,https://egw.dxy.cn,egw.dxy.cn,1,bzc.dxy.cn,81.69.153.67,1,0,443,403,Forbidden,403 Forbidden,nginx,81.69.128.0/18,AS45090,Shenzhen Tencent Computer Systems Company Limited,中国上海上海市,电信,Brute
114,1,1,1,http://egw.dxy.cn,egw.dxy.cn,1,bzc.dxy.cn,81.69.153.67,1,0,80,403,Forbidden,403 Forbidden,nginx,81.69.128.0/18,AS45090,Shenzhen Tencent Computer Systems Company Limited,中国上海上海市,电信,Brute
81,1,1,1,https://email.dxy.cn,email.dxy.cn,1,email.dxy.cn,175.24.250.217,1,0,443,403,Forbidden,403 Forbidden,nginx,175.24.192.0/18,AS45090,Shenzhen Tencent Computer Systems Company Limited,中国上海上海市,电信,DnsgrepQuery
88,1,1,1,http://email.dxy.cn,email.dxy.cn,1,email.dxy.cn,175.24.250.217,1,0,80,403,Forbidden,403 Forbidden,nginx,175.24.192.0/18,AS45090,Shenzhen Tencent Computer Systems Company Limited,中国上海上海市,电信,DnsgrepQuery
57,1,1,1,http://enbrel.dxy.cn,enbrel.dxy.cn,1,bz1.dxy.cn,117.50.93.63,1,1,80,200,OK,'\n\n\n\n\nredirect in 1 second ...\n\n\n',nginx,117.50.64.0/19,AS4808,China Unicom,中国北京北京市,电信,DnsgrepQuery
65,1,1,1,https://enbrel.dxy.cn,enbrel.dxy.cn,1,bz1.dxy.cn,117.50.93.63,1,1,443,200,OK,'\n\n\n\n\nredirect in 1 second ...\n\n\n',nginx,117.50.64.0/19,AS4808,China Unicom,中国北京北京市,电信,DnsgrepQuery
17,0,1,1,http://euat.dxy.cn,euat.dxy.cn,1,bz1.dxy.cn,117.50.93.63,1,0,80,502,Bad Gateway,502 Bad Gateway,nginx,117.50.64.0/19,AS4808,China Unicom,中国北京北京市,电信,MySSLQuery
20,0,1,1,https://euat.dxy.cn,euat.dxy.cn,1,bz1.dxy.cn,117.50.93.63,1,0,443,502,Bad Gateway,502 Bad Gateway,nginx,117.50.64.0/19,AS4808,China Unicom,中国北京北京市,电信,MySSLQuery
11,1,1,1,https://exam-uat.dxy.cn,exam-uat.dxy.cn,1,todclb.dxy.cn,212.129.163.50,1,0,443,403,Forbidden,403 Forbidden,nginx,212.129.160.0/22,AS45090,Shenzhen Tencent Computer Systems Company Limited,中国上海上海市,电信,MySSLQuery
14,1,1,1,http://exam-uat.dxy.cn,exam-uat.dxy.cn,1,todclb.dxy.cn,212.129.163.50,1,0,80,403,Forbidden,403 Forbidden,nginx,212.129.160.0/22,AS45090,Shenzhen Tencent Computer Systems Company Limited,中国上海上海市,电信,MySSLQuery
26,1,1,1,https://exam.dxy.cn,exam.dxy.cn,1,todclb.dxy.cn,212.129.163.50,1,1,443,200,OK,exam-mobile,nginx,212.129.160.0/22,AS45090,Shenzhen Tencent Computer Systems Company Limited,中国上海上海市,电信,IP138Query
41,1,1,1,http://exam.dxy.cn,exam.dxy.cn,1,todclb.dxy.cn,212.129.163.50,1,1,80,200,OK,exam-mobile,nginx,212.129.160.0/22,AS45090,Shenzhen Tencent Computer Systems Company Limited,中国上海上海市,电信,IP138Query
102,1,1,1,http://exp.dxy.cn,exp.dxy.cn,1,bz1.dxy.cn,117.50.93.63,1,1,80,200,OK,'\n\n\n\n\nredirect in 1 second ...\n\n\n',nginx,117.50.64.0/19,AS4808,China Unicom,中国北京北京市,电信,Brute
117,1,1,1,https://exp.dxy.cn,exp.dxy.cn,1,bz1.dxy.cn,117.50.93.63,1,1,443,200,OK,'\n\n\n\n\nredirect in 1 second ...\n\n\n',nginx,117.50.64.0/19,AS4808,China Unicom,中国北京北京市,电信,Brute
105,1,1,1,https://file.dxy.cn,file.dxy.cn,1,1kctk9yp.e0.sched.ovscdns.com,23.236.99.89,1,1,443,200,OK,'',stgw,23.236.99.0/24,AS21859,ZNET,美国德克萨斯达拉斯,层峰网络,RapidDNSQuery
112,1,1,1,http://file.dxy.cn,file.dxy.cn,1,1kctk9yp.e0.sched.ovscdns.com,23.236.99.89,1,1,80,200,OK,'',stgw,23.236.99.0/24,AS21859,ZNET,美国德克萨斯达拉斯,层峰网络,RapidDNSQuery
144,1,1,1,https://go.dxy.cn,go.dxy.cn,2,uc1.dxy.cn,123.59.77.102,1,0,443,403,Forbidden,403 Forbidden,nginx,123.59.64.0/19,AS4808,China Unicom,中国北京北京市,电信,Finder
153,1,1,1,http://go.dxy.cn,go.dxy.cn,2,uc1.dxy.cn,123.59.77.102,1,1,80,200,OK,丁香园_医疗领域的连接者_丁香园生物医药科技网,nginx,123.59.64.0/19,AS4808,China Unicom,中国北京北京市,电信,Finder
29,1,1,1,https://h.dxy.cn,h.dxy.cn,1,bzc.dxy.cn,81.69.153.67,1,1,443,200,OK,"您访问的页面不存在 随便逛逛
      
          The page you visited does not exist 
          just stroll around",nginx,81.69.128.0/18,AS45090,Shenzhen Tencent Computer Systems Company Limited,中国上海上海市,电信,IP138Query
53,1,1,1,http://h.dxy.cn,h.dxy.cn,1,bzc.dxy.cn,81.69.153.67,1,1,80,200,OK,"您访问的页面不存在 随便逛逛
      
          The page you visited does not exist 
          just stroll around",nginx,81.69.128.0/18,AS45090,Shenzhen Tencent Computer Systems Company Limited,中国上海上海市,电信,IP138Query
119,1,1,1,http://h1.dxy.cn,h1.dxy.cn,1,bzc.dxy.cn,81.69.153.67,1,1,80,200,OK,"您访问的页面不存在 随便逛逛
      
          The page you visited does not exist 
          just stroll around",nginx,81.69.128.0/18,AS45090,Shenzhen Tencent Computer Systems Company Limited,中国上海上海市,电信,Brute
122,1,1,1,https://h1.dxy.cn,h1.dxy.cn,1,bzc.dxy.cn,81.69.153.67,1,1,443,200,OK,"您访问的页面不存在 随便逛逛
      
          The page you visited does not exist 
          just stroll around",nginx,81.69.128.0/18,AS45090,Shenzhen Tencent Computer Systems Company Limited,中国上海上海市,电信,Brute
38,1,1,1,http://hao.dxy.cn,hao.dxy.cn,1,bz2.dxy.cn,81.69.153.67,1,0,80,200,,丁香机构号,nginx,81.69.128.0/18,AS45090,Shenzhen Tencent Computer Systems Company Limited,中国上海上海市,电信,MySSLQuery
48,1,1,1,https://hao.dxy.cn,hao.dxy.cn,1,bz2.dxy.cn,81.69.153.67,1,0,443,200,,丁香机构号,nginx,81.69.128.0/18,AS45090,Shenzhen Tencent Computer Systems Company Limited,中国上海上海市,电信,MySSLQuery
101,1,1,1,http://hbd.dxy.cn,hbd.dxy.cn,1,bz1.dxy.cn,117.50.93.63,1,1,80,200,OK,'\n\n\n\n\nredirect in 1 second ...\n\n\n',nginx,117.50.64.0/19,AS4808,China Unicom,中国北京北京市,电信,Brute
118,1,1,1,https://hbd.dxy.cn,hbd.dxy.cn,1,bz1.dxy.cn,117.50.93.63,1,1,443,200,OK,'\n\n\n\n\nredirect in 1 second ...\n\n\n',nginx,117.50.64.0/19,AS4808,China Unicom,中国北京北京市,电信,Brute
68,1,1,1,https://i.dxy.cn,i.dxy.cn,1,todclb.dxy.cn,212.129.163.50,1,0,443,200,OK,丁香园 - 医学交流社区，分享临床经验、病例讨论、考试科研、求职晋升经验,nginx,212.129.160.0/22,AS45090,Shenzhen Tencent Computer Systems Company Limited,中国上海上海市,电信,CrossDomainCheck
77,1,1,1,http://i.dxy.cn,i.dxy.cn,1,todclb.dxy.cn,212.129.163.50,1,0,80,200,OK,丁香园 - 医学交流社区，分享临床经验、病例讨论、考试科研、求职晋升经验,nginx,212.129.160.0/22,AS45090,Shenzhen Tencent Computer Systems Company Limited,中国上海上海市,电信,CrossDomainCheck
13,1,1,1,http://index.dxy.cn,index.dxy.cn,1,dxy.1datatech.cn,101.89.190.170,1,1,80,200,OK,监测平台,nginx/1.13.10,101.88.0.0/15,AS4812,China Telecom (Group),中国上海上海市,电信,MySSLQuery
19,1,1,1,https://index.dxy.cn,index.dxy.cn,1,dxy.1datatech.cn,101.89.190.170,1,1,443,200,OK,监测平台,nginx/1.13.10,101.88.0.0/15,AS4812,China Telecom (Group),中国上海上海市,电信,MySSLQuery
147,1,1,1,http://job.dxy.cn,job.dxy.cn,2,"fe.dxy.cn,fe.dxy.cn,fe.dxy.cn","121.43.176.163,123.59.77.102,112.124.103.79","1,1,1",0,80,200,OK,丁香园 - 医学交流社区，分享临床经验、病例讨论、考试科研、求职晋升经验,nginx,"121.43.0.0/16,123.59.64.0/19,112.124.0.0/17","AS37963,AS4808,AS37963","Hangzhou Alibaba Advertising Co. Ltd.,China Unicom,Hangzhou Alibaba Advertising Co. Ltd.","中国浙江省杭州市,中国北京北京市,中国浙江省杭州市","阿里云,电信,阿里云",Finder
157,1,1,1,https://job.dxy.cn,job.dxy.cn,2,"fe.dxy.cn,fe.dxy.cn,fe.dxy.cn","121.43.176.163,123.59.77.102,112.124.103.79","1,1,1",0,443,200,OK,丁香园 - 医学交流社区，分享临床经验、病例讨论、考试科研、求职晋升经验,nginx,"121.43.0.0/16,123.59.64.0/19,112.124.0.0/17","AS37963,AS4808,AS37963","Hangzhou Alibaba Advertising Co. Ltd.,China Unicom,Hangzhou Alibaba Advertising Co. Ltd.","中国浙江省杭州市,中国北京北京市,中国浙江省杭州市","阿里云,电信,阿里云",Finder
126,1,1,1,https://kz.dxy.cn,kz.dxy.cn,1,bzc.dxy.cn,81.69.153.67,1,1,443,404,Not Found,Not Found,nginx,81.69.128.0/18,AS45090,Shenzhen Tencent Computer Systems Company Limited,中国上海上海市,电信,Brute
127,1,1,1,http://kz.dxy.cn,kz.dxy.cn,1,bzc.dxy.cn,81.69.153.67,1,1,80,404,Not Found,Not Found,nginx,81.69.128.0/18,AS45090,Shenzhen Tencent Computer Systems Company Limited,中国上海上海市,电信,Brute
90,1,1,1,https://lab.dxy.cn,lab.dxy.cn,1,bz2.dxy.cn,81.69.153.67,1,0,443,200,,丁香实验,nginx,81.69.128.0/18,AS45090,Shenzhen Tencent Computer Systems Company Limited,中国上海上海市,电信,DnsgrepQuery
103,1,1,1,http://lab.dxy.cn,lab.dxy.cn,1,bz2.dxy.cn,81.69.153.67,1,0,80,200,,丁香实验,nginx,81.69.128.0/18,AS45090,Shenzhen Tencent Computer Systems Company Limited,中国上海上海市,电信,DnsgrepQuery
34,1,1,1,http://lilly.dxy.cn,lilly.dxy.cn,1,bz1.dxy.cn,117.50.93.63,1,1,80,200,OK,'',nginx,117.50.64.0/19,AS4808,China Unicom,中国北京北京市,电信,IP138Query
39,1,1,1,https://lilly.dxy.cn,lilly.dxy.cn,1,bz1.dxy.cn,117.50.93.63,1,1,443,200,OK,'',nginx,117.50.64.0/19,AS4808,China Unicom,中国北京北京市,电信,IP138Query
60,1,1,1,https://live.dxy.cn,live.dxy.cn,1,live.dxy.cn,175.24.155.166,1,0,443,200,,丁香播咖,nginx,175.24.128.0/18,AS45090,Shenzhen Tencent Computer Systems Company Limited,中国上海上海市,电信,IP138Query
69,1,1,1,http://live.dxy.cn,live.dxy.cn,1,live.dxy.cn,175.24.155.166,1,0,80,200,,丁香播咖,nginx,175.24.128.0/18,AS45090,Shenzhen Tencent Computer Systems Company Limited,中国上海上海市,电信,IP138Query
128,1,1,1,https://mall.dxy.cn,mall.dxy.cn,1,todclb.dxy.cn,212.129.163.50,1,0,443,200,,丁当商城,nginx,212.129.160.0/22,AS45090,Shenzhen Tencent Computer Systems Company Limited,中国上海上海市,电信,CrossDomainCheck
129,1,1,1,http://mall.dxy.cn,mall.dxy.cn,1,todclb.dxy.cn,212.129.163.50,1,0,80,200,,丁当商城,nginx,212.129.160.0/22,AS45090,Shenzhen Tencent Computer Systems Company Limited,中国上海上海市,电信,CrossDomainCheck
141,1,1,1,http://meeting.dxy.cn,meeting.dxy.cn,2,"fe.dxy.cn,fe.dxy.cn,fe.dxy.cn","123.59.77.102,112.124.103.79,121.43.176.163","1,1,1",1,80,200,OK,丁香会议 - 丁香园,nginx,"123.59.64.0/19,112.124.0.0/17,121.43.0.0/16","AS4808,AS37963,AS37963","China Unicom,Hangzhou Alibaba Advertising Co. Ltd.,Hangzhou Alibaba Advertising Co. Ltd.","中国北京北京市,中国浙江省杭州市,中国浙江省杭州市","电信,阿里云,阿里云",Finder
142,1,1,1,https://meeting.dxy.cn,meeting.dxy.cn,2,"fe.dxy.cn,fe.dxy.cn,fe.dxy.cn","123.59.77.102,112.124.103.79,121.43.176.163","1,1,1",1,443,200,OK,丁香会议 - 丁香园,nginx,"123.59.64.0/19,112.124.0.0/17,121.43.0.0/16","AS4808,AS37963,AS37963","China Unicom,Hangzhou Alibaba Advertising Co. Ltd.,Hangzhou Alibaba Advertising Co. Ltd.","中国北京北京市,中国浙江省杭州市,中国浙江省杭州市","电信,阿里云,阿里云",Finder
134,0,0,1,https://mx2.email.dxy.cn,mx2.email.dxy.cn,2,mx2.email.dxy.cn,139.162.113.14,1,0,443,,"(MaxRetryError(""HTTPSConnectionPool(host='mx2.email.dxy.cn', port=443): Max retries exceeded with url: / (Caused by ConnectTimeoutError(<urllib3.connection.HTTPSConnection object at 0x00000239F5C6DA50>, 'Connection to mx2.email.dxy.cn timed out. (connect timeout=13)'))""),)",,,139.162.96.0/19,AS63949,Linode LLC,日本东京都东京,未知,DnsgrepQuery
135,0,0,1,http://mx2.email.dxy.cn,mx2.email.dxy.cn,2,mx2.email.dxy.cn,139.162.113.14,1,0,80,,"(MaxRetryError(""HTTPConnectionPool(host='mx2.email.dxy.cn', port=80): Max retries exceeded with url: / (Caused by ConnectTimeoutError(<urllib3.connection.HTTPConnection object at 0x00000239F580E560>, 'Connection to mx2.email.dxy.cn timed out. (connect timeout=13)'))""),)",,,139.162.96.0/19,AS63949,Linode LLC,日本东京都东京,未知,DnsgrepQuery
71,0,0,1,http://mx3.email.dxy.cn,mx3.email.dxy.cn,2,mx3.email.dxy.cn,173.255.252.254,1,0,80,,"(ProtocolError('Connection aborted.', RemoteDisconnected('Remote end closed connection without response')),)",,,173.255.252.0/24,AS63949,Linode LLC,美国加利福尼亚费利蒙,未知,DnsgrepQuery
130,0,0,1,https://mx3.email.dxy.cn,mx3.email.dxy.cn,2,mx3.email.dxy.cn,173.255.252.254,1,0,443,,"(MaxRetryError(""HTTPSConnectionPool(host='mx3.email.dxy.cn', port=443): Max retries exceeded with url: / (Caused by NewConnectionError('<urllib3.connection.HTTPSConnection object at 0x00000239F5883010>: Failed to establish a new connection: [WinError 10061] 由于目标计算机积极拒绝，无法连接。'))""),)",,,173.255.252.0/24,AS63949,Linode LLC,美国加利福尼亚费利蒙,未知,DnsgrepQuery
5,1,1,1,https://newdrugs-uat.dxy.cn,newdrugs-uat.dxy.cn,1,newdrugs.dxy.cn,175.24.250.217,1,0,443,403,Forbidden,403 Forbidden,nginx,175.24.192.0/18,AS45090,Shenzhen Tencent Computer Systems Company Limited,中国上海上海市,电信,MySSLQuery
9,1,1,1,http://newdrugs-uat.dxy.cn,newdrugs-uat.dxy.cn,1,newdrugs.dxy.cn,175.24.250.217,1,0,80,403,Forbidden,403 Forbidden,nginx,175.24.192.0/18,AS45090,Shenzhen Tencent Computer Systems Company Limited,中国上海上海市,电信,MySSLQuery
6,1,1,1,http://newdrugs.dxy.cn,newdrugs.dxy.cn,1,newdrugs.dxy.cn,175.24.250.217,1,0,80,200,OK,"'{""message"":""成功"",""code"":""success"",""data"":null}'",nginx,175.24.192.0/18,AS45090,Shenzhen Tencent Computer Systems Company Limited,中国上海上海市,电信,MySSLQuery
8,1,1,1,https://newdrugs.dxy.cn,newdrugs.dxy.cn,1,newdrugs.dxy.cn,175.24.250.217,1,0,443,200,OK,"'{""message"":""成功"",""code"":""success"",""data"":null}'",nginx,175.24.192.0/18,AS45090,Shenzhen Tencent Computer Systems Company Limited,中国上海上海市,电信,MySSLQuery
21,1,1,1,https://open.dxy.cn,open.dxy.cn,1,868f1b60ac01763c-cl2.qcloudzygj.com,81.69.64.111,1,0,443,200,,丁香园-医疗数据开放平台,,81.69.64.0/18,AS45090,Shenzhen Tencent Computer Systems Company Limited,中国上海上海市,电信,MySSLQuery
31,1,1,1,http://open.dxy.cn,open.dxy.cn,1,868f1b60ac01763c-cl2.qcloudzygj.com,81.69.64.111,1,0,80,200,,丁香园-医疗数据开放平台,,81.69.64.0/18,AS45090,Shenzhen Tencent Computer Systems Company Limited,中国上海上海市,电信,MySSLQuery
45,1,1,1,http://pay.dxy.cn,pay.dxy.cn,1,"069c67bm.e0.sched.ovscdns.com,069c67bm.e0.sched.ovscdns.com,069c67bm.e0.sched.ovscdns.com","43.152.29.38,101.33.11.106,101.33.11.32","1,1,1",1,80,403,Forbidden,403 Forbidden,nginx,"43.128.0.0/10,101.33.0.0/16,101.33.0.0/16","AS-,AS131469,AS131469","-,Rm.2204 Building 2 Huihuang International Building,Rm.2204 Building 2 Huihuang International Building","澳大利亚,中国北京北京市,中国北京北京市","未知,未知,未知",IP138Query
47,1,1,1,https://pay.dxy.cn,pay.dxy.cn,1,"069c67bm.e0.sched.ovscdns.com,069c67bm.e0.sched.ovscdns.com,069c67bm.e0.sched.ovscdns.com","43.152.29.38,101.33.11.106,101.33.11.32","1,1,1",1,443,403,Forbidden,403 Forbidden,nginx,"43.128.0.0/10,101.33.0.0/16,101.33.0.0/16","AS-,AS131469,AS131469","-,Rm.2204 Building 2 Huihuang International Building,Rm.2204 Building 2 Huihuang International Building","澳大利亚,中国北京北京市,中国北京北京市","未知,未知,未知",IP138Query
85,1,1,1,http://pci2012.dxy.cn,pci2012.dxy.cn,1,bz1.dxy.cn,117.50.93.63,1,1,80,200,OK,'\n\n\n\n\nredirect in 1 second ...\n\n\n',nginx,117.50.64.0/19,AS4808,China Unicom,中国北京北京市,电信,RapidDNSQuery
99,1,1,1,https://pci2012.dxy.cn,pci2012.dxy.cn,1,bz1.dxy.cn,117.50.93.63,1,1,443,200,OK,'\n\n\n\n\nredirect in 1 second ...\n\n\n',nginx,117.50.64.0/19,AS4808,China Unicom,中国北京北京市,电信,RapidDNSQuery
55,1,1,1,http://pcicase.dxy.cn,pcicase.dxy.cn,1,bz1.dxy.cn,117.50.93.63,1,1,80,200,OK,'\n\n\n\n\nredirect in 1 second ...\n\n\n',nginx,117.50.64.0/19,AS4808,China Unicom,中国北京北京市,电信,DnsgrepQuery
70,1,1,1,https://pcicase.dxy.cn,pcicase.dxy.cn,1,bz1.dxy.cn,117.50.93.63,1,1,443,200,OK,'\n\n\n\n\nredirect in 1 second ...\n\n\n',nginx,117.50.64.0/19,AS4808,China Unicom,中国北京北京市,电信,DnsgrepQuery
76,1,1,1,http://pfizer.dxy.cn,pfizer.dxy.cn,1,bz1.dxy.cn,117.50.93.63,1,1,80,200,OK,'',nginx,117.50.64.0/19,AS4808,China Unicom,中国北京北京市,电信,DnsgrepQuery
93,1,1,1,https://pfizer.dxy.cn,pfizer.dxy.cn,1,bz1.dxy.cn,117.50.93.63,1,1,443,200,OK,'',nginx,117.50.64.0/19,AS4808,China Unicom,中国北京北京市,电信,DnsgrepQuery
149,1,1,1,https://pharma.dxy.cn,pharma.dxy.cn,2,"fe.dxy.cn,fe.dxy.cn,fe.dxy.cn","123.59.77.102,112.124.103.79,121.43.176.163","1,1,1",0,443,403,Forbidden,403 Forbidden,nginx,"123.59.64.0/19,112.124.0.0/17,121.43.0.0/16","AS4808,AS37963,AS37963","China Unicom,Hangzhou Alibaba Advertising Co. Ltd.,Hangzhou Alibaba Advertising Co. Ltd.","中国北京北京市,中国浙江省杭州市,中国浙江省杭州市","电信,阿里云,阿里云",Finder
159,1,1,1,http://pharma.dxy.cn,pharma.dxy.cn,2,"fe.dxy.cn,fe.dxy.cn,fe.dxy.cn","123.59.77.102,112.124.103.79,121.43.176.163","1,1,1",1,80,200,OK,药品汇 - 丁香园,nginx,"123.59.64.0/19,112.124.0.0/17,121.43.0.0/16","AS4808,AS37963,AS37963","China Unicom,Hangzhou Alibaba Advertising Co. Ltd.,Hangzhou Alibaba Advertising Co. Ltd.","中国北京北京市,中国浙江省杭州市,中国浙江省杭州市","电信,阿里云,阿里云",Finder
32,1,1,1,https://portal.dxy.cn,portal.dxy.cn,1,portal.dxy.cn,212.129.163.50,1,1,443,200,OK,丁香园_医疗领域的连接者_丁香园生物医药科技网,nginx,212.129.160.0/22,AS45090,Shenzhen Tencent Computer Systems Company Limited,中国上海上海市,电信,MySSLQuery
33,1,1,1,http://portal.dxy.cn,portal.dxy.cn,1,portal.dxy.cn,212.129.163.50,1,1,80,200,OK,丁香园_医疗领域的连接者_丁香园生物医药科技网,nginx,212.129.160.0/22,AS45090,Shenzhen Tencent Computer Systems Company Limited,中国上海上海市,电信,MySSLQuery
111,0,0,1,https://qc1.dxy.cn,qc1.dxy.cn,1,qc1.dxy.cn,115.159.98.109,1,0,443,,"(ProtocolError('Connection aborted.', RemoteDisconnected('Remote end closed connection without response')),)",,,115.159.0.0/17,AS45090,Shenzhen Tencent Computer Systems Company Limited,中国上海上海市,电信,Brute
136,0,0,1,http://qc1.dxy.cn,qc1.dxy.cn,1,qc1.dxy.cn,115.159.98.109,1,0,80,,"(MaxRetryError(""HTTPConnectionPool(host='qc1.dxy.cn', port=80): Max retries exceeded with url: / (Caused by ConnectTimeoutError(<urllib3.connection.HTTPConnection object at 0x00000239F59B21A0>, 'Connection to qc1.dxy.cn timed out. (connect timeout=13)'))""),)",,,115.159.0.0/17,AS45090,Shenzhen Tencent Computer Systems Company Limited,中国上海上海市,电信,Brute
91,1,1,1,https://ranking.dxy.cn,ranking.dxy.cn,1,bz1.dxy.cn,117.50.93.63,1,1,443,200,OK,'\n\n\n\n\nredirect in 1 second ...\n\n\n',nginx,117.50.64.0/19,AS4808,China Unicom,中国北京北京市,电信,DnsgrepQuery
137,0,0,1,http://ranking.dxy.cn,ranking.dxy.cn,1,bz1.dxy.cn,117.50.93.63,1,0,80,,"(ReadTimeoutError(""HTTPConnectionPool(host='ranking.dxy.cn', port=80): Read timed out. (read timeout=27)""),)",,,117.50.64.0/19,AS4808,China Unicom,中国北京北京市,电信,DnsgrepQuery
2,1,1,1,https://search.dxy.cn,search.dxy.cn,1,search.dxy.cn,175.24.155.166,1,0,443,200,,丁香园搜索,nginx,175.24.128.0/18,AS45090,Shenzhen Tencent Computer Systems Company Limited,中国上海上海市,电信,MySSLQuery
7,1,1,1,http://search.dxy.cn,search.dxy.cn,1,search.dxy.cn,175.24.155.166,1,0,80,200,,丁香园搜索,nginx,175.24.128.0/18,AS45090,Shenzhen Tencent Computer Systems Company Limited,中国上海上海市,电信,MySSLQuery
116,1,1,1,https://sim.dxy.cn,sim.dxy.cn,1,sim.dxy.cn,123.59.68.161,1,1,443,200,OK,登录 - SIM,nginx,123.59.64.0/19,AS4808,China Unicom,中国北京北京市,电信,CertSpotterQuery
124,1,1,1,http://sim.dxy.cn,sim.dxy.cn,1,sim.dxy.cn,123.59.68.161,1,1,80,200,OK,登录 - SIM,nginx,123.59.64.0/19,AS4808,China Unicom,中国北京北京市,电信,CertSpotterQuery
94,0,0,1,http://simqa.dxy.cn,simqa.dxy.cn,1,simqa.dxy.cn,119.9.73.22,1,0,80,,"(ProtocolError('Connection aborted.', ConnectionResetError(10054, '远程主机强迫关闭了一个现有的连接。', None, 10054, None)),)",,,119.9.64.0/19,AS45187,Rackspace IT Hosting AS IT Hosting Provider Hong Kong,中国香港,未知,RapidDNSQuery
104,1,1,1,https://simqa.dxy.cn,simqa.dxy.cn,1,simqa.dxy.cn,119.9.73.22,1,0,443,403,Forbidden,403 Forbidden,nginx,119.9.64.0/19,AS45187,Rackspace IT Hosting AS IT Hosting Provider Hong Kong,中国香港,未知,RapidDNSQuery
97,0,0,1,http://simtest.dxy.cn,simtest.dxy.cn,1,simtest.dxy.cn,119.9.73.22,1,0,80,,"(ProtocolError('Connection aborted.', ConnectionResetError(10054, '远程主机强迫关闭了一个现有的连接。', None, 10054, None)),)",,,119.9.64.0/19,AS45187,Rackspace IT Hosting AS IT Hosting Provider Hong Kong,中国香港,未知,QianXunQuery
107,0,0,1,https://simtest.dxy.cn,simtest.dxy.cn,1,simtest.dxy.cn,119.9.73.22,1,0,443,,"(ProtocolError('Connection aborted.', RemoteDisconnected('Remote end closed connection without response')),)",,,119.9.64.0/19,AS45187,Rackspace IT Hosting AS IT Hosting Provider Hong Kong,中国香港,未知,QianXunQuery
154,1,1,1,http://survey.dxy.cn,survey.dxy.cn,2,"fe.dxy.cn,fe.dxy.cn,fe.dxy.cn","112.124.103.79,121.43.176.163,123.59.77.102","1,1,1",1,80,200,OK,用来自临床一线医生的数字说话-丁香调查,nginx,"112.124.0.0/17,121.43.0.0/16,123.59.64.0/19","AS37963,AS37963,AS4808","Hangzhou Alibaba Advertising Co. Ltd.,Hangzhou Alibaba Advertising Co. Ltd.,China Unicom","中国浙江省杭州市,中国浙江省杭州市,中国北京北京市","阿里云,阿里云,电信",Finder
156,1,1,1,https://survey.dxy.cn,survey.dxy.cn,2,"fe.dxy.cn,fe.dxy.cn,fe.dxy.cn","112.124.103.79,121.43.176.163,123.59.77.102","1,1,1",1,443,200,OK,用来自临床一线医生的数字说话-丁香调查,nginx,"112.124.0.0/17,121.43.0.0/16,123.59.64.0/19","AS37963,AS37963,AS4808","Hangzhou Alibaba Advertising Co. Ltd.,Hangzhou Alibaba Advertising Co. Ltd.,China Unicom","中国浙江省杭州市,中国浙江省杭州市,中国北京北京市","阿里云,阿里云,电信",Finder
75,1,1,1,https://todclb.dxy.cn,todclb.dxy.cn,1,todclb.dxy.cn,212.129.163.50,1,0,443,200,OK,'',nginx,212.129.160.0/22,AS45090,Shenzhen Tencent Computer Systems Company Limited,中国上海上海市,电信,DnsgrepQuery
82,1,1,1,http://todclb.dxy.cn,todclb.dxy.cn,1,todclb.dxy.cn,212.129.163.50,1,0,80,200,OK,'',nginx,212.129.160.0/22,AS45090,Shenzhen Tencent Computer Systems Company Limited,中国上海上海市,电信,DnsgrepQuery
145,1,1,1,http://vote.dxy.cn,vote.dxy.cn,2,"fe.dxy.cn,fe.dxy.cn,fe.dxy.cn","123.59.77.102,112.124.103.79,121.43.176.163","1,1,1",1,80,200,OK,用来自临床一线医生的数字说话-丁香调查,nginx,"123.59.64.0/19,112.124.0.0/17,121.43.0.0/16","AS4808,AS37963,AS37963","China Unicom,Hangzhou Alibaba Advertising Co. Ltd.,Hangzhou Alibaba Advertising Co. Ltd.","中国北京北京市,中国浙江省杭州市,中国浙江省杭州市","电信,阿里云,阿里云",Finder
148,1,1,1,https://vote.dxy.cn,vote.dxy.cn,2,"fe.dxy.cn,fe.dxy.cn,fe.dxy.cn","123.59.77.102,112.124.103.79,121.43.176.163","1,1,1",1,443,200,OK,用来自临床一线医生的数字说话-丁香调查,nginx,"123.59.64.0/19,112.124.0.0/17,121.43.0.0/16","AS4808,AS37963,AS37963","China Unicom,Hangzhou Alibaba Advertising Co. Ltd.,Hangzhou Alibaba Advertising Co. Ltd.","中国北京北京市,中国浙江省杭州市,中国浙江省杭州市","电信,阿里云,阿里云",Finder
72,1,1,1,https://vs.dxy.cn,vs.dxy.cn,1,bzc.dxy.cn,81.69.153.67,1,1,443,200,OK,'',nginx,81.69.128.0/18,AS45090,Shenzhen Tencent Computer Systems Company Limited,中国上海上海市,电信,DnsgrepQuery
78,1,1,1,http://vs.dxy.cn,vs.dxy.cn,1,bzc.dxy.cn,81.69.153.67,1,1,80,200,OK,'',nginx,81.69.128.0/18,AS45090,Shenzhen Tencent Computer Systems Company Limited,中国上海上海市,电信,DnsgrepQuery
23,1,1,1,https://vs.sim.dxy.cn,vs.sim.dxy.cn,2,bzc.dxy.cn,81.69.153.67,1,1,443,200,OK,'',nginx,81.69.128.0/18,AS45090,Shenzhen Tencent Computer Systems Company Limited,中国上海上海市,电信,MySSLQuery
36,1,1,1,http://vs.sim.dxy.cn,vs.sim.dxy.cn,2,bzc.dxy.cn,81.69.153.67,1,1,80,200,OK,'',nginx,81.69.128.0/18,AS45090,Shenzhen Tencent Computer Systems Company Limited,中国上海上海市,电信,MySSLQuery
120,0,1,1,http://vsqa.dxy.cn,vsqa.dxy.cn,1,bz1.dxy.cn,117.50.93.63,1,0,80,502,Bad Gateway,502 Bad Gateway,nginx,117.50.64.0/19,AS4808,China Unicom,中国北京北京市,电信,RapidDNSQuery
123,0,1,1,https://vsqa.dxy.cn,vsqa.dxy.cn,1,bz1.dxy.cn,117.50.93.63,1,0,443,502,Bad Gateway,502 Bad Gateway,nginx,117.50.64.0/19,AS4808,China Unicom,中国北京北京市,电信,RapidDNSQuery
42,1,1,1,http://wechat.dxy.cn,wechat.dxy.cn,1,wechat.dxy.cn,1.117.136.144,1,0,80,200,,登录 - WeChat,nginx,1.116.0.0/15,AS-,-,中国北京北京市,未知,MySSLQuery
59,1,1,1,https://wechat.dxy.cn,wechat.dxy.cn,1,wechat.dxy.cn,1.117.136.144,1,0,443,200,,登录 - WeChat,nginx,1.116.0.0/15,AS-,-,中国北京北京市,未知,MySSLQuery
79,1,1,1,https://wisdom.dxy.cn,wisdom.dxy.cn,1,bzc.dxy.cn,81.69.153.67,1,1,443,200,OK,网站正在建设中,nginx,81.69.128.0/18,AS45090,Shenzhen Tencent Computer Systems Company Limited,中国上海上海市,电信,DnsgrepQuery
84,1,1,1,http://wisdom.dxy.cn,wisdom.dxy.cn,1,bzc.dxy.cn,81.69.153.67,1,1,80,200,OK,网站正在建设中,nginx,81.69.128.0/18,AS45090,Shenzhen Tencent Computer Systems Company Limited,中国上海上海市,电信,DnsgrepQuery
22,1,1,1,https://www.dxy.cn,www.dxy.cn,1,todclb.dxy.cn,212.129.163.50,1,1,443,200,OK,丁香园_医疗领域的连接者_丁香园生物医药科技网,nginx,212.129.160.0/22,AS45090,Shenzhen Tencent Computer Systems Company Limited,中国上海上海市,电信,MySSLQuery
27,1,1,1,http://www.dxy.cn,www.dxy.cn,1,todclb.dxy.cn,212.129.163.50,1,1,80,200,OK,丁香园_医疗领域的连接者_丁香园生物医药科技网,nginx,212.129.160.0/22,AS45090,Shenzhen Tencent Computer Systems Company Limited,中国上海上海市,电信,MySSLQuery
66,1,1,1,https://y.dxy.cn,y.dxy.cn,1,bz1.dxy.cn,117.50.93.63,1,1,443,200,OK,医院汇－医疗行业品牌运营专家,nginx,117.50.64.0/19,AS4808,China Unicom,中国北京北京市,电信,MySSLQuery
67,1,1,1,http://y.dxy.cn,y.dxy.cn,1,bz1.dxy.cn,117.50.93.63,1,1,80,200,OK,医院汇－医疗行业品牌运营专家,nginx,117.50.64.0/19,AS4808,China Unicom,中国北京北京市,电信,MySSLQuery
161,1,1,1,http://yyh.dxy.cn,yyh.dxy.cn,2,"fe.dxy.cn,fe.dxy.cn,fe.dxy.cn","123.59.77.102,112.124.103.79,121.43.176.163","1,1,1",1,80,200,OK,医院汇－医疗行业品牌运营专家,nginx,"123.59.64.0/19,112.124.0.0/17,121.43.0.0/16","AS4808,AS37963,AS37963","China Unicom,Hangzhou Alibaba Advertising Co. Ltd.,Hangzhou Alibaba Advertising Co. Ltd.","中国北京北京市,中国浙江省杭州市,中国浙江省杭州市","电信,阿里云,阿里云",Finder
162,1,1,1,https://yyh.dxy.cn,yyh.dxy.cn,2,"fe.dxy.cn,fe.dxy.cn,fe.dxy.cn","123.59.77.102,112.124.103.79,121.43.176.163","1,1,1",1,443,200,OK,医院汇－医疗行业品牌运营专家,nginx,"123.59.64.0/19,112.124.0.0/17,121.43.0.0/16","AS4808,AS37963,AS37963","China Unicom,Hangzhou Alibaba Advertising Co. Ltd.,Hangzhou Alibaba Advertising Co. Ltd.","中国北京北京市,中国浙江省杭州市,中国浙江省杭州市","电信,阿里云,阿里云",Finder
86,1,1,1,http://zhiye.dxy.cn,zhiye.dxy.cn,1,bz1.dxy.cn,117.50.93.63,1,0,80,200,OK,丁香人才网_丁香园旗下专业医疗行业招聘平台_丁香园生物医药科技网,nginx,117.50.64.0/19,AS4808,China Unicom,中国北京北京市,电信,DnsgrepQuery
89,1,1,1,https://zhiye.dxy.cn,zhiye.dxy.cn,1,bz1.dxy.cn,117.50.93.63,1,0,443,200,OK,丁香人才网_丁香园旗下专业医疗行业招聘平台_丁香园生物医药科技网,nginx,117.50.64.0/19,AS4808,China Unicom,中国北京北京市,电信,DnsgrepQuery
2,1,1,1,http://c.biomart.cn,c.biomart.cn,1,c.biomart.cn,106.75.48.135,1,1,80,200,OK,丁香通科学研究院,nginx,106.75.32.0/19,AS4808,China Unicom,中国北京北京市,电信,IP138Query
5,1,1,1,https://c.biomart.cn,c.biomart.cn,1,c.biomart.cn,106.75.48.135,1,1,443,200,OK,丁香通科学研究院,nginx,106.75.32.0/19,AS4808,China Unicom,中国北京北京市,电信,IP138Query
4,1,1,1,http://eclub.biomart.cn,eclub.biomart.cn,1,c.biomart.cn,106.75.48.135,1,1,80,200,OK,丁香通品牌俱乐部,nginx,106.75.32.0/19,AS4808,China Unicom,中国北京北京市,电信,IP138Query
6,1,1,1,https://eclub.biomart.cn,eclub.biomart.cn,1,c.biomart.cn,106.75.48.135,1,1,443,200,OK,丁香通品牌俱乐部,nginx,106.75.32.0/19,AS4808,China Unicom,中国北京北京市,电信,IP138Query
1,1,1,1,http://vclub.biomart.cn,vclub.biomart.cn,1,c.biomart.cn,106.75.48.135,1,1,80,200,OK,'',nginx,106.75.32.0/19,AS4808,China Unicom,中国北京北京市,电信,IP138Query
3,1,1,1,https://vclub.biomart.cn,vclub.biomart.cn,1,c.biomart.cn,106.75.48.135,1,1,443,200,OK,'',nginx,106.75.32.0/19,AS4808,China Unicom,中国北京北京市,电信,IP138Query
7,1,1,1,https://www.biomart.cn,www.biomart.cn,2,www.biomart.cn,81.69.153.67,1,0,443,200,,丁香通-专业的科研采购信息和实验资讯平台,nginx,81.69.128.0/18,AS45090,Shenzhen Tencent Computer Systems Company Limited,中国上海上海市,电信,Finder
8,1,1,1,http://www.biomart.cn,www.biomart.cn,2,www.biomart.cn,81.69.153.67,1,0,80,200,,丁香通-专业的科研采购信息和实验资讯平台,nginx,81.69.128.0/18,AS45090,Shenzhen Tencent Computer Systems Company Limited,中国上海上海市,电信,Finder
13,1,1,1,https://account.dxy.com,account.dxy.com,1,868f1b60ac01763c-cl2.qcloudzygj.com,81.69.64.111,1,1,443,200,OK,丁香医生|专业健康生活方式平台,,81.69.64.0/18,AS45090,Shenzhen Tencent Computer Systems Company Limited,中国上海上海市,电信,QianXunQuery
17,1,1,1,http://account.dxy.com,account.dxy.com,1,868f1b60ac01763c-cl2.qcloudzygj.com,81.69.64.111,1,1,80,200,OK,丁香医生|专业健康生活方式平台,,81.69.64.0/18,AS45090,Shenzhen Tencent Computer Systems Company Limited,中国上海上海市,电信,QianXunQuery
2,1,1,1,http://ask-grey.dxy.com,ask-grey.dxy.com,1,ask-grey.dxy.com,106.75.70.204,1,1,80,200,OK,'\n\n\n\n\nredirect in 1 second ...\n\n\n',nginx,106.75.64.0/19,AS4808,China Unicom,中国北京北京市,电信,MySSLQuery
4,1,1,1,https://ask-grey.dxy.com,ask-grey.dxy.com,1,ask-grey.dxy.com,106.75.70.204,1,0,443,403,Forbidden,403 Forbidden,nginx,106.75.64.0/19,AS4808,China Unicom,中国北京北京市,电信,MySSLQuery
30,1,1,1,https://ask.dxy.com,ask.dxy.com,1,mnd4sci3.e0.sched.ovscdns.com,23.236.99.89,1,1,443,200,OK,大家都在问|相关问题在线咨询_常见问题_丁香医生,,23.236.99.0/24,AS21859,ZNET,美国德克萨斯达拉斯,层峰网络,MySSLQuery
32,1,1,1,http://ask.dxy.com,ask.dxy.com,1,mnd4sci3.e0.sched.ovscdns.com,23.236.99.89,1,1,80,200,OK,大家都在问|相关问题在线咨询_常见问题_丁香医生,,23.236.99.0/24,AS21859,ZNET,美国德克萨斯达拉斯,层峰网络,MySSLQuery
10,1,1,1,http://bbs.dxy.com,bbs.dxy.com,1,"fe.dxy.cn,fe.dxy.cn,fe.dxy.cn","123.59.77.102,112.124.103.79,121.43.176.163","1,1,1",0,80,200,OK,丁香园 - 医学交流社区，分享临床经验、病例讨论、考试科研、求职晋升经验,nginx,"123.59.64.0/19,112.124.0.0/17,121.43.0.0/16","AS4808,AS37963,AS37963","China Unicom,Hangzhou Alibaba Advertising Co. Ltd.,Hangzhou Alibaba Advertising Co. Ltd.","中国北京北京市,中国浙江省杭州市,中国浙江省杭州市","电信,阿里云,阿里云",IP138Query
22,1,1,1,https://bbs.dxy.com,bbs.dxy.com,1,"fe.dxy.cn,fe.dxy.cn,fe.dxy.cn","123.59.77.102,112.124.103.79,121.43.176.163","1,1,1",0,443,200,OK,丁香园 - 医学交流社区，分享临床经验、病例讨论、考试科研、求职晋升经验,nginx,"123.59.64.0/19,112.124.0.0/17,121.43.0.0/16","AS4808,AS37963,AS37963","China Unicom,Hangzhou Alibaba Advertising Co. Ltd.,Hangzhou Alibaba Advertising Co. Ltd.","中国北京北京市,中国浙江省杭州市,中国浙江省杭州市","电信,阿里云,阿里云",IP138Query
15,1,1,1,http://clinic.dxy.com,clinic.dxy.com,1,clinic.dxy.com,106.75.216.226,1,1,80,200,OK,丁香云管家 - 专为基础医疗打造的全方位诊疗系统,,106.75.208.0/20,AS4812,China Telecom (Group),中国上海上海市,电信,IP138Query
16,1,1,1,https://clinic.dxy.com,clinic.dxy.com,1,clinic.dxy.com,106.75.216.226,1,1,443,200,OK,丁香云管家 - 专为基础医疗打造的全方位诊疗系统,,106.75.208.0/20,AS4812,China Telecom (Group),中国上海上海市,电信,IP138Query
20,1,1,1,https://dd.dxy.com,dd.dxy.com,1,dd.dxy.com,81.69.64.111,1,1,443,200,OK,丁香医生|专业健康生活方式平台,,81.69.64.0/18,AS45090,Shenzhen Tencent Computer Systems Company Limited,中国上海上海市,电信,Brute
26,1,1,1,http://dd.dxy.com,dd.dxy.com,1,dd.dxy.com,81.69.64.111,1,1,80,200,OK,丁香医生|专业健康生活方式平台,,81.69.64.0/18,AS45090,Shenzhen Tencent Computer Systems Company Limited,中国上海上海市,电信,Brute
29,1,1,1,https://dxmm-ask.dxy.com,dxmm-ask.dxy.com,1,868f1b60ac01763c-cl2.qcloudzygj.com,81.69.64.111,1,1,443,200,OK,大家都在问|相关问题在线咨询_常见问题_丁香医生,,81.69.64.0/18,AS45090,Shenzhen Tencent Computer Systems Company Limited,中国上海上海市,电信,MySSLQuery
31,1,1,1,http://dxmm-ask.dxy.com,dxmm-ask.dxy.com,1,868f1b60ac01763c-cl2.qcloudzygj.com,81.69.64.111,1,1,80,200,OK,大家都在问|相关问题在线咨询_常见问题_丁香医生,,81.69.64.0/18,AS45090,Shenzhen Tencent Computer Systems Company Limited,中国上海上海市,电信,MySSLQuery
1,1,1,1,https://dxy.com,dxy.com,0,"qeygvb5h.e0.sched.ovscdns.com,qeygvb5h.e0.sched.ovscdns.com,qeygvb5h.e0.sched.ovscdns.com","43.132.83.172,43.132.83.175,43.132.83.53","1,1,1",1,443,200,OK,丁香医生|专业健康生活方式平台,,"43.128.0.0/10,43.128.0.0/10,43.128.0.0/10","AS-,AS-,AS-","-,-,-","澳大利亚,澳大利亚,澳大利亚","未知,未知,未知",CertInfo
5,1,1,1,http://dxy.com,dxy.com,0,"qeygvb5h.e0.sched.ovscdns.com,qeygvb5h.e0.sched.ovscdns.com,qeygvb5h.e0.sched.ovscdns.com","43.132.83.172,43.132.83.175,43.132.83.53","1,1,1",1,80,200,OK,丁香医生|专业健康生活方式平台,,"43.128.0.0/10,43.128.0.0/10,43.128.0.0/10","AS-,AS-,AS-","-,-,-","澳大利亚,澳大利亚,澳大利亚","未知,未知,未知",CertInfo
11,1,1,1,https://dxys-mall.dxy.com,dxys-mall.dxy.com,1,9wx1ymsk.e0.sched.ovscdns.com,23.236.99.89,1,1,443,200,,'   \n\n',nginx,23.236.99.0/24,AS21859,ZNET,美国德克萨斯达拉斯,层峰网络,MySSLQuery
18,1,1,1,http://dxys-mall.dxy.com,dxys-mall.dxy.com,1,9wx1ymsk.e0.sched.ovscdns.com,23.236.99.89,1,1,80,200,,'   \n\n',nginx,23.236.99.0/24,AS21859,ZNET,美国德克萨斯达拉斯,层峰网络,MySSLQuery
3,1,1,1,https://m.dxy.com,m.dxy.com,1,868f1b60ac01763c-cl2.qcloudzygj.com,81.69.64.111,1,1,443,200,OK,丁香医生|专业健康生活方式平台,,81.69.64.0/18,AS45090,Shenzhen Tencent Computer Systems Company Limited,中国上海上海市,电信,MySSLQuery
6,1,1,1,http://m.dxy.com,m.dxy.com,1,868f1b60ac01763c-cl2.qcloudzygj.com,81.69.64.111,1,1,80,200,OK,丁香医生|专业健康生活方式平台,,81.69.64.0/18,AS45090,Shenzhen Tencent Computer Systems Company Limited,中国上海上海市,电信,MySSLQuery
8,1,1,1,https://mama.dxy.com,mama.dxy.com,1,"m4m10suo.e0.sched.ovscdns.com,m4m10suo.e0.sched.ovscdns.com,m4m10suo.e0.sched.ovscdns.com,m4m10suo.e0.sched.ovscdns.com,m4m10suo.e0.sched.ovscdns.com,m4m10suo.e0.sched.ovscdns.com,m4m10suo.e0.sched.ovscdns.com,m4m10suo.e0.sched.ovscdns.com","150.109.222.109,150.109.222.99,150.109.222.110,150.109.222.103,211.152.133.18,150.109.222.97,150.109.223.49,150.109.222.102","1,1,1,1,1,1,1,1",1,443,200,,'   \n\n',nginx,"150.109.208.0/20,150.109.208.0/20,150.109.208.0/20,150.109.208.0/20,211.152.132.0/23,150.109.208.0/20,150.109.208.0/20,150.109.208.0/20","AS132203,AS132203,AS132203,AS132203,AS132203,AS132203,AS132203,AS132203","Tencent Building Kejizhongyi Avenue,Tencent Building Kejizhongyi Avenue,Tencent Building Kejizhongyi Avenue,Tencent Building Kejizhongyi Avenue,Tencent Building Kejizhongyi Avenue,Tencent Building Kejizhongyi Avenue,Tencent Building Kejizhongyi Avenue,Tencent Building Kejizhongyi Avenue","韩国首尔首尔,韩国首尔首尔,韩国首尔首尔,韩国首尔首尔,韩国首尔首尔,韩国首尔首尔,韩国首尔首尔,韩国首尔首尔","腾讯,腾讯,腾讯,腾讯,腾讯,腾讯,腾讯,腾讯",MySSLQuery
19,1,1,1,http://mama.dxy.com,mama.dxy.com,1,"m4m10suo.e0.sched.ovscdns.com,m4m10suo.e0.sched.ovscdns.com,m4m10suo.e0.sched.ovscdns.com,m4m10suo.e0.sched.ovscdns.com,m4m10suo.e0.sched.ovscdns.com,m4m10suo.e0.sched.ovscdns.com,m4m10suo.e0.sched.ovscdns.com,m4m10suo.e0.sched.ovscdns.com","150.109.222.109,150.109.222.99,150.109.222.110,150.109.222.103,211.152.133.18,150.109.222.97,150.109.223.49,150.109.222.102","1,1,1,1,1,1,1,1",1,80,200,,'   \n\n',nginx,"150.109.208.0/20,150.109.208.0/20,150.109.208.0/20,150.109.208.0/20,211.152.132.0/23,150.109.208.0/20,150.109.208.0/20,150.109.208.0/20","AS132203,AS132203,AS132203,AS132203,AS132203,AS132203,AS132203,AS132203","Tencent Building Kejizhongyi Avenue,Tencent Building Kejizhongyi Avenue,Tencent Building Kejizhongyi Avenue,Tencent Building Kejizhongyi Avenue,Tencent Building Kejizhongyi Avenue,Tencent Building Kejizhongyi Avenue,Tencent Building Kejizhongyi Avenue,Tencent Building Kejizhongyi Avenue","韩国首尔首尔,韩国首尔首尔,韩国首尔首尔,韩国首尔首尔,韩国首尔首尔,韩国首尔首尔,韩国首尔首尔,韩国首尔首尔","腾讯,腾讯,腾讯,腾讯,腾讯,腾讯,腾讯,腾讯",MySSLQuery
27,1,1,1,https://tools.dxy.com,tools.dxy.com,1,mama.dxy.com,81.69.182.31,1,0,443,200,,'   \n\n',nginx,81.69.128.0/18,AS45090,Shenzhen Tencent Computer Systems Company Limited,中国上海上海市,电信,Brute
28,1,1,1,http://tools.dxy.com,tools.dxy.com,1,mama.dxy.com,81.69.182.31,1,0,80,200,,'   \n\n',nginx,81.69.128.0/18,AS45090,Shenzhen Tencent Computer Systems Company Limited,中国上海上海市,电信,Brute
14,0,1,1,https://waf.dxy.com,waf.dxy.com,1,868f1b60ac01763c-cl2.qcloudzygj.com,81.69.64.111,1,0,443,502,Bad Gateway,WAF Server Error,,81.69.64.0/18,AS45090,Shenzhen Tencent Computer Systems Company Limited,中国上海上海市,电信,RapidDNSQuery
21,0,1,1,http://waf.dxy.com,waf.dxy.com,1,868f1b60ac01763c-cl2.qcloudzygj.com,81.69.64.111,1,0,80,502,Bad Gateway,WAF Server Error,,81.69.64.0/18,AS45090,Shenzhen Tencent Computer Systems Company Limited,中国上海上海市,电信,RapidDNSQuery
7,1,1,1,https://web-push.dxy.com,web-push.dxy.com,1,web-push.dxy.com,1.117.136.144,1,0,443,404,,Whitelabel Error Page,nginx,1.116.0.0/15,AS-,-,中国北京北京市,未知,IP138Query
9,1,1,1,http://web-push.dxy.com,web-push.dxy.com,1,web-push.dxy.com,1.117.136.144,1,0,80,404,,Whitelabel Error Page,nginx,1.116.0.0/15,AS-,-,中国北京北京市,未知,IP138Query
23,1,1,1,https://www.dxy.com,www.dxy.com,1,"qeygvb5h.e0.sched.ovscdns.com,qeygvb5h.e0.sched.ovscdns.com,qeygvb5h.e0.sched.ovscdns.com","43.152.29.38,101.33.11.106,101.33.11.32","1,1,1",1,443,200,OK,丁香医生|专业健康生活方式平台,,"43.128.0.0/10,101.33.0.0/16,101.33.0.0/16","AS-,AS131469,AS131469","-,Rm.2204 Building 2 Huihuang International Building,Rm.2204 Building 2 Huihuang International Building","澳大利亚,中国北京北京市,中国北京北京市","未知,未知,未知",IP138Query
24,1,1,1,http://www.dxy.com,www.dxy.com,1,"qeygvb5h.e0.sched.ovscdns.com,qeygvb5h.e0.sched.ovscdns.com,qeygvb5h.e0.sched.ovscdns.com","43.152.29.38,101.33.11.106,101.33.11.32","1,1,1",1,80,200,OK,丁香医生|专业健康生活方式平台,,"43.128.0.0/10,101.33.0.0/16,101.33.0.0/16","AS-,AS131469,AS131469","-,Rm.2204 Building 2 Huihuang International Building,Rm.2204 Building 2 Huihuang International Building","澳大利亚,中国北京北京市,中国北京北京市","未知,未知,未知",IP138Query
12,1,1,1,https://yao.dxy.com,yao.dxy.com,1,bz1.dxy.cn,117.50.93.63,1,1,443,200,OK,'\n\n\n\n\nredirect in 1 second ...\n\n\n',nginx,117.50.64.0/19,AS4808,China Unicom,中国北京北京市,电信,IP138Query
25,1,1,1,http://yao.dxy.com,yao.dxy.com,1,bz1.dxy.cn,117.50.93.63,1,1,80,200,OK,丁香园用药助手,"nginx,Next.js",117.50.64.0/19,AS4808,China Unicom,中国北京北京市,电信,IP138Query
5,1,1,1,http://dxy.cm,dxy.cm,0,dxy.cm,185.53.177.52,1,0,80,200,OK,dxy.cm,nginx,185.53.176.0/22,AS61969,TEAMINTERNET-AS,德国慕尼黑,未知,IP138Query
8,1,1,1,https://dxy.cm,dxy.cm,0,dxy.cm,185.53.177.52,1,0,443,200,OK,dxy.cm,nginx,185.53.176.0/22,AS61969,TEAMINTERNET-AS,德国慕尼黑,未知,IP138Query
14,0,0,1,https://hostmaster.dxy.cm,hostmaster.dxy.cm,1,hostmaster.dxy.cm,127.0.0.4,0,0,443,,"(MaxRetryError(""HTTPSConnectionPool(host='hostmaster.dxy.cm', port=443): Max retries exceeded with url: / (Caused by NewConnectionError('<urllib3.connection.HTTPSConnection object at 0x00000239F58DE170>: Failed to establish a new connection: [WinError 10061] 由于目标计算机积极拒绝，无法连接。'))""),)",,,127.0.0.0/8,AS-,-,内网IP,内网IP,QuerySOA
15,0,0,1,http://hostmaster.dxy.cm,hostmaster.dxy.cm,1,hostmaster.dxy.cm,127.0.0.4,0,0,80,,"(MaxRetryError(""HTTPConnectionPool(host='hostmaster.dxy.cm', port=80): Max retries exceeded with url: / (Caused by NewConnectionError('<urllib3.connection.HTTPConnection object at 0x00000239F58DE560>: Failed to establish a new connection: [WinError 10061] 由于目标计算机积极拒绝，无法连接。'))""),)",,,127.0.0.0/8,AS-,-,内网IP,内网IP,QuerySOA
3,0,0,1,http://ns0.dxy.cm,ns0.dxy.cm,1,ns0.dxy.cm,13.248.158.159,1,0,80,,"(MaxRetryError(""HTTPConnectionPool(host='ns0.dxy.cm', port=80): Max retries exceeded with url: / (Caused by NewConnectionError('<urllib3.connection.HTTPConnection object at 0x00000239F57337C0>: Failed to establish a new connection: [Errno 11002] getaddrinfo failed'))""),)",,,13.248.158.0/24,AS16509,AMAZON-02,美国华盛顿,亚马逊,Brute
4,0,0,1,https://ns0.dxy.cm,ns0.dxy.cm,1,ns0.dxy.cm,13.248.158.159,1,0,443,,"(MaxRetryError(""HTTPSConnectionPool(host='ns0.dxy.cm', port=443): Max retries exceeded with url: / (Caused by NewConnectionError('<urllib3.connection.HTTPSConnection object at 0x00000239F57330A0>: Failed to establish a new connection: [Errno 11002] getaddrinfo failed'))""),)",,,13.248.158.0/24,AS16509,AMAZON-02,美国华盛顿,亚马逊,Brute
85,0,0,1,http://ns00.dxy.cm,ns00.dxy.cm,1,ns00.dxy.cm,13.248.158.159,1,0,80,,"(MaxRetryError(""HTTPConnectionPool(host='ns00.dxy.cm', port=80): Max retries exceeded with url: / (Caused by ConnectTimeoutError(<urllib3.connection.HTTPConnection object at 0x00000239F439BC40>, 'Connection to ns00.dxy.cm timed out. (connect timeout=13)'))""),)",,,13.248.158.0/24,AS16509,AMAZON-02,美国华盛顿,亚马逊,Altdns
86,0,0,1,https://ns00.dxy.cm,ns00.dxy.cm,1,ns00.dxy.cm,13.248.158.159,1,0,443,,"(MaxRetryError(""HTTPSConnectionPool(host='ns00.dxy.cm', port=443): Max retries exceeded with url: / (Caused by ConnectTimeoutError(<urllib3.connection.HTTPSConnection object at 0x00000239F437B6D0>, 'Connection to ns00.dxy.cm timed out. (connect timeout=13)'))""),)",,,13.248.158.0/24,AS16509,AMAZON-02,美国华盛顿,亚马逊,Altdns
18,0,0,1,http://ns01.dxy.cm,ns01.dxy.cm,1,ns01.dxy.cm,13.248.158.159,1,0,80,,"(MaxRetryError(""HTTPConnectionPool(host='ns01.dxy.cm', port=80): Max retries exceeded with url: / (Caused by ConnectTimeoutError(<urllib3.connection.HTTPConnection object at 0x00000239F5A0B640>, 'Connection to ns01.dxy.cm timed out. (connect timeout=13)'))""),)",,,13.248.158.0/24,AS16509,AMAZON-02,美国华盛顿,亚马逊,Brute
19,0,0,1,https://ns01.dxy.cm,ns01.dxy.cm,1,ns01.dxy.cm,13.248.158.159,1,0,443,,"(MaxRetryError(""HTTPSConnectionPool(host='ns01.dxy.cm', port=443): Max retries exceeded with url: / (Caused by ConnectTimeoutError(<urllib3.connection.HTTPSConnection object at 0x00000239F5A09120>, 'Connection to ns01.dxy.cm timed out. (connect timeout=13)'))""),)",,,13.248.158.0/24,AS16509,AMAZON-02,美国华盛顿,亚马逊,Brute
21,0,0,1,http://ns02.dxy.cm,ns02.dxy.cm,1,ns02.dxy.cm,76.223.21.9,1,0,80,,"(MaxRetryError(""HTTPConnectionPool(host='ns02.dxy.cm', port=80): Max retries exceeded with url: / (Caused by ConnectTimeoutError(<urllib3.connection.HTTPConnection object at 0x00000239F5704760>, 'Connection to ns02.dxy.cm timed out. (connect timeout=13)'))""),)",,,76.223.21.0/24,AS16509,AMAZON-02,美国华盛顿,亚马逊,Brute
22,0,0,1,https://ns02.dxy.cm,ns02.dxy.cm,1,ns02.dxy.cm,76.223.21.9,1,0,443,,"(MaxRetryError(""HTTPSConnectionPool(host='ns02.dxy.cm', port=443): Max retries exceeded with url: / (Caused by ConnectTimeoutError(<urllib3.connection.HTTPSConnection object at 0x00000239F57069E0>, 'Connection to ns02.dxy.cm timed out. (connect timeout=13)'))""),)",,,76.223.21.0/24,AS16509,AMAZON-02,美国华盛顿,亚马逊,Brute
81,0,0,1,http://ns03.dxy.cm,ns03.dxy.cm,1,ns03.dxy.cm,13.248.158.159,1,0,80,,"(MaxRetryError(""HTTPConnectionPool(host='ns03.dxy.cm', port=80): Max retries exceeded with url: / (Caused by ConnectTimeoutError(<urllib3.connection.HTTPConnection object at 0x00000239F5705750>, 'Connection to ns03.dxy.cm timed out. (connect timeout=13)'))""),)",,,13.248.158.0/24,AS16509,AMAZON-02,美国华盛顿,亚马逊,Altdns
84,0,0,1,https://ns03.dxy.cm,ns03.dxy.cm,1,ns03.dxy.cm,13.248.158.159,1,0,443,,"(MaxRetryError(""HTTPSConnectionPool(host='ns03.dxy.cm', port=443): Max retries exceeded with url: / (Caused by ConnectTimeoutError(<urllib3.connection.HTTPSConnection object at 0x00000239F5844AC0>, 'Connection to ns03.dxy.cm timed out. (connect timeout=13)'))""),)",,,13.248.158.0/24,AS16509,AMAZON-02,美国华盛顿,亚马逊,Altdns
58,0,0,1,https://ns04.dxy.cm,ns04.dxy.cm,1,ns04.dxy.cm,76.223.21.9,1,0,443,,"(MaxRetryError(""HTTPSConnectionPool(host='ns04.dxy.cm', port=443): Max retries exceeded with url: / (Caused by ConnectTimeoutError(<urllib3.connection.HTTPSConnection object at 0x00000239F58DC6D0>, 'Connection to ns04.dxy.cm timed out. (connect timeout=13)'))""),)",,,76.223.21.0/24,AS16509,AMAZON-02,美国华盛顿,亚马逊,Altdns
59,0,0,1,http://ns04.dxy.cm,ns04.dxy.cm,1,ns04.dxy.cm,76.223.21.9,1,0,80,,"(MaxRetryError(""HTTPConnectionPool(host='ns04.dxy.cm', port=80): Max retries exceeded with url: / (Caused by ConnectTimeoutError(<urllib3.connection.HTTPConnection object at 0x00000239F58DF820>, 'Connection to ns04.dxy.cm timed out. (connect timeout=13)'))""),)",,,76.223.21.0/24,AS16509,AMAZON-02,美国华盛顿,亚马逊,Altdns
62,0,0,1,http://ns05.dxy.cm,ns05.dxy.cm,1,ns05.dxy.cm,104.247.81.52,1,0,80,,"(MaxRetryError(""HTTPConnectionPool(host='ns05.dxy.cm', port=80): Max retries exceeded with url: / (Caused by ConnectTimeoutError(<urllib3.connection.HTTPConnection object at 0x00000239F5A09390>, 'Connection to ns05.dxy.cm timed out. (connect timeout=13)'))""),)",,,104.247.80.0/23,AS206834,TEAMINTERNET-CA-AS,加拿大安大略温莎,未知,Altdns
63,0,0,1,https://ns05.dxy.cm,ns05.dxy.cm,1,ns05.dxy.cm,104.247.81.52,1,0,443,,"(MaxRetryError(""HTTPSConnectionPool(host='ns05.dxy.cm', port=443): Max retries exceeded with url: / (Caused by ConnectTimeoutError(<urllib3.connection.HTTPSConnection object at 0x00000239F5730D60>, 'Connection to ns05.dxy.cm timed out. (connect timeout=13)'))""),)",,,104.247.80.0/23,AS206834,TEAMINTERNET-CA-AS,加拿大安大略温莎,未知,Altdns
27,0,0,1,https://ns1.dxy.cm,ns1.dxy.cm,1,ns1.dxy.cm,13.248.158.159,1,0,443,,"(MaxRetryError(""HTTPSConnectionPool(host='ns1.dxy.cm', port=443): Max retries exceeded with url: / (Caused by ConnectTimeoutError(<urllib3.connection.HTTPSConnection object at 0x00000239F57042E0>, 'Connection to ns1.dxy.cm timed out. (connect timeout=13)'))""),)",,,13.248.158.0/24,AS16509,AMAZON-02,美国华盛顿,亚马逊,Brute
28,0,0,1,http://ns1.dxy.cm,ns1.dxy.cm,1,ns1.dxy.cm,13.248.158.159,1,0,80,,"(MaxRetryError(""HTTPConnectionPool(host='ns1.dxy.cm', port=80): Max retries exceeded with url: / (Caused by ConnectTimeoutError(<urllib3.connection.HTTPConnection object at 0x00000239F57060B0>, 'Connection to ns1.dxy.cm timed out. (connect timeout=13)'))""),)",,,13.248.158.0/24,AS16509,AMAZON-02,美国华盛顿,亚马逊,Brute
37,0,0,1,http://ns10.dxy.cm,ns10.dxy.cm,1,ns10.dxy.cm,76.223.21.9,1,0,80,,"(MaxRetryError(""HTTPConnectionPool(host='ns10.dxy.cm', port=80): Max retries exceeded with url: / (Caused by NewConnectionError('<urllib3.connection.HTTPConnection object at 0x00000239F57070A0>: Failed to establish a new connection: [Errno 11002] getaddrinfo failed'))""),)",,,76.223.21.0/24,AS16509,AMAZON-02,美国华盛顿,亚马逊,Altdns
38,0,0,1,https://ns10.dxy.cm,ns10.dxy.cm,1,ns10.dxy.cm,76.223.21.9,1,0,443,,"(MaxRetryError(""HTTPSConnectionPool(host='ns10.dxy.cm', port=443): Max retries exceeded with url: / (Caused by NewConnectionError('<urllib3.connection.HTTPSConnection object at 0x00000239F5705C30>: Failed to establish a new connection: [Errno 11002] getaddrinfo failed'))""),)",,,76.223.21.0/24,AS16509,AMAZON-02,美国华盛顿,亚马逊,Altdns
57,0,0,1,http://ns11.dxy.cm,ns11.dxy.cm,1,ns11.dxy.cm,13.248.158.159,1,0,80,,"(MaxRetryError(""HTTPConnectionPool(host='ns11.dxy.cm', port=80): Max retries exceeded with url: / (Caused by ConnectTimeoutError(<urllib3.connection.HTTPConnection object at 0x00000239F55DCEE0>, 'Connection to ns11.dxy.cm timed out. (connect timeout=13)'))""),)",,,13.248.158.0/24,AS16509,AMAZON-02,美国华盛顿,亚马逊,Altdns
60,0,0,1,https://ns11.dxy.cm,ns11.dxy.cm,1,ns11.dxy.cm,13.248.158.159,1,0,443,,"(MaxRetryError(""HTTPSConnectionPool(host='ns11.dxy.cm', port=443): Max retries exceeded with url: / (Caused by ConnectTimeoutError(<urllib3.connection.HTTPSConnection object at 0x00000239F55DF940>, 'Connection to ns11.dxy.cm timed out. (connect timeout=13)'))""),)",,,13.248.158.0/24,AS16509,AMAZON-02,美国华盛顿,亚马逊,Altdns
68,0,0,1,https://ns12.dxy.cm,ns12.dxy.cm,1,ns12.dxy.cm,76.223.21.9,1,0,443,,"(MaxRetryError(""HTTPSConnectionPool(host='ns12.dxy.cm', port=443): Max retries exceeded with url: / (Caused by ConnectTimeoutError(<urllib3.connection.HTTPSConnection object at 0x00000239F5707A60>, 'Connection to ns12.dxy.cm timed out. (connect timeout=13)'))""),)",,,76.223.21.0/24,AS16509,AMAZON-02,美国华盛顿,亚马逊,Altdns
70,0,0,1,http://ns12.dxy.cm,ns12.dxy.cm,1,ns12.dxy.cm,76.223.21.9,1,0,80,,"(MaxRetryError(""HTTPConnectionPool(host='ns12.dxy.cm', port=80): Max retries exceeded with url: / (Caused by ConnectTimeoutError(<urllib3.connection.HTTPConnection object at 0x00000239F57072E0>, 'Connection to ns12.dxy.cm timed out. (connect timeout=13)'))""),)",,,76.223.21.0/24,AS16509,AMAZON-02,美国华盛顿,亚马逊,Altdns
65,0,0,1,https://ns18.dxy.cm,ns18.dxy.cm,1,ns18.dxy.cm,76.223.21.9,1,0,443,,"(MaxRetryError(""HTTPSConnectionPool(host='ns18.dxy.cm', port=443): Max retries exceeded with url: / (Caused by ConnectTimeoutError(<urllib3.connection.HTTPSConnection object at 0x00000239F57318A0>, 'Connection to ns18.dxy.cm timed out. (connect timeout=13)'))""),)",,,76.223.21.0/24,AS16509,AMAZON-02,美国华盛顿,亚马逊,Altdns
67,0,0,1,http://ns18.dxy.cm,ns18.dxy.cm,1,ns18.dxy.cm,76.223.21.9,1,0,80,,"(MaxRetryError(""HTTPConnectionPool(host='ns18.dxy.cm', port=80): Max retries exceeded with url: / (Caused by ConnectTimeoutError(<urllib3.connection.HTTPConnection object at 0x00000239F5732D10>, 'Connection to ns18.dxy.cm timed out. (connect timeout=13)'))""),)",,,76.223.21.0/24,AS16509,AMAZON-02,美国华盛顿,亚马逊,Altdns
82,0,0,1,http://ns19.dxy.cm,ns19.dxy.cm,1,ns19.dxy.cm,13.248.158.159,1,0,80,,"(MaxRetryError(""HTTPConnectionPool(host='ns19.dxy.cm', port=80): Max retries exceeded with url: / (Caused by ConnectTimeoutError(<urllib3.connection.HTTPConnection object at 0x00000239F5847940>, 'Connection to ns19.dxy.cm timed out. (connect timeout=13)'))""),)",,,13.248.158.0/24,AS16509,AMAZON-02,美国华盛顿,亚马逊,Altdns
83,0,0,1,https://ns19.dxy.cm,ns19.dxy.cm,1,ns19.dxy.cm,13.248.158.159,1,0,443,,"(MaxRetryError(""HTTPSConnectionPool(host='ns19.dxy.cm', port=443): Max retries exceeded with url: / (Caused by ConnectTimeoutError(<urllib3.connection.HTTPSConnection object at 0x00000239F5846680>, 'Connection to ns19.dxy.cm timed out. (connect timeout=13)'))""),)",,,13.248.158.0/24,AS16509,AMAZON-02,美国华盛顿,亚马逊,Altdns
29,0,0,1,https://ns2.dxy.cm,ns2.dxy.cm,1,ns2.dxy.cm,76.223.21.9,1,0,443,,"(MaxRetryError(""HTTPSConnectionPool(host='ns2.dxy.cm', port=443): Max retries exceeded with url: / (Caused by ConnectTimeoutError(<urllib3.connection.HTTPSConnection object at 0x00000239F55DFB50>, 'Connection to ns2.dxy.cm timed out. (connect timeout=13)'))""),)",,,76.223.21.0/24,AS16509,AMAZON-02,美国华盛顿,亚马逊,Brute
30,0,0,1,http://ns2.dxy.cm,ns2.dxy.cm,1,ns2.dxy.cm,76.223.21.9,1,0,80,,"(MaxRetryError(""HTTPConnectionPool(host='ns2.dxy.cm', port=80): Max retries exceeded with url: / (Caused by ConnectTimeoutError(<urllib3.connection.HTTPConnection object at 0x00000239F55DD2D0>, 'Connection to ns2.dxy.cm timed out. (connect timeout=13)'))""),)",,,76.223.21.0/24,AS16509,AMAZON-02,美国华盛顿,亚马逊,Brute
72,0,0,1,https://ns20.dxy.cm,ns20.dxy.cm,1,ns20.dxy.cm,76.223.21.9,1,0,443,,"(MaxRetryError(""HTTPSConnectionPool(host='ns20.dxy.cm', port=443): Max retries exceeded with url: / (Caused by ConnectTimeoutError(<urllib3.connection.HTTPSConnection object at 0x00000239F5C597B0>, 'Connection to ns20.dxy.cm timed out. (connect timeout=13)'))""),)",,,76.223.21.0/24,AS16509,AMAZON-02,美国华盛顿,亚马逊,Altdns
76,0,0,1,http://ns20.dxy.cm,ns20.dxy.cm,1,ns20.dxy.cm,76.223.21.9,1,0,80,,"(MaxRetryError(""HTTPConnectionPool(host='ns20.dxy.cm', port=80): Max retries exceeded with url: / (Caused by ConnectTimeoutError(<urllib3.connection.HTTPConnection object at 0x00000239F5C593C0>, 'Connection to ns20.dxy.cm timed out. (connect timeout=13)'))""),)",,,76.223.21.0/24,AS16509,AMAZON-02,美国华盛顿,亚马逊,Altdns
25,0,0,1,https://ns21.dxy.cm,ns21.dxy.cm,1,ns21.dxy.cm,13.248.158.159,1,0,443,,"(MaxRetryError(""HTTPSConnectionPool(host='ns21.dxy.cm', port=443): Max retries exceeded with url: / (Caused by ConnectTimeoutError(<urllib3.connection.HTTPSConnection object at 0x00000239F5706620>, 'Connection to ns21.dxy.cm timed out. (connect timeout=13)'))""),)",,,13.248.158.0/24,AS16509,AMAZON-02,美国华盛顿,亚马逊,Brute
26,0,0,1,http://ns21.dxy.cm,ns21.dxy.cm,1,ns21.dxy.cm,13.248.158.159,1,0,80,,"(MaxRetryError(""HTTPConnectionPool(host='ns21.dxy.cm', port=80): Max retries exceeded with url: / (Caused by ConnectTimeoutError(<urllib3.connection.HTTPConnection object at 0x00000239F5705F90>, 'Connection to ns21.dxy.cm timed out. (connect timeout=13)'))""),)",,,13.248.158.0/24,AS16509,AMAZON-02,美国华盛顿,亚马逊,Brute
50,0,0,1,http://ns22.dxy.cm,ns22.dxy.cm,1,ns22.dxy.cm,76.223.21.9,1,0,80,,"(MaxRetryError(""HTTPConnectionPool(host='ns22.dxy.cm', port=80): Max retries exceeded with url: / (Caused by NewConnectionError('<urllib3.connection.HTTPConnection object at 0x00000239F55DC070>: Failed to establish a new connection: [Errno 11002] getaddrinfo failed'))""),)",,,76.223.21.0/24,AS16509,AMAZON-02,美国华盛顿,亚马逊,Altdns
51,0,0,1,https://ns22.dxy.cm,ns22.dxy.cm,1,ns22.dxy.cm,76.223.21.9,1,0,443,,"(MaxRetryError(""HTTPSConnectionPool(host='ns22.dxy.cm', port=443): Max retries exceeded with url: / (Caused by NewConnectionError('<urllib3.connection.HTTPSConnection object at 0x00000239F5A0A980>: Failed to establish a new connection: [Errno 11002] getaddrinfo failed'))""),)",,,76.223.21.0/24,AS16509,AMAZON-02,美国华盛顿,亚马逊,Altdns
61,0,0,1,http://ns23.dxy.cm,ns23.dxy.cm,1,ns23.dxy.cm,13.248.158.159,1,0,80,,"(MaxRetryError(""HTTPConnectionPool(host='ns23.dxy.cm', port=80): Max retries exceeded with url: / (Caused by ConnectTimeoutError(<urllib3.connection.HTTPConnection object at 0x00000239F5A0BC70>, 'Connection to ns23.dxy.cm timed out. (connect timeout=13)'))""),)",,,13.248.158.0/24,AS16509,AMAZON-02,美国华盛顿,亚马逊,Altdns
64,0,0,1,https://ns23.dxy.cm,ns23.dxy.cm,1,ns23.dxy.cm,13.248.158.159,1,0,443,,"(MaxRetryError(""HTTPSConnectionPool(host='ns23.dxy.cm', port=443): Max retries exceeded with url: / (Caused by ConnectTimeoutError(<urllib3.connection.HTTPSConnection object at 0x00000239F5A08A00>, 'Connection to ns23.dxy.cm timed out. (connect timeout=13)'))""),)",,,13.248.158.0/24,AS16509,AMAZON-02,美国华盛顿,亚马逊,Altdns
43,0,0,1,https://ns24.dxy.cm,ns24.dxy.cm,1,ns24.dxy.cm,76.223.21.9,1,0,443,,"(MaxRetryError(""HTTPSConnectionPool(host='ns24.dxy.cm', port=443): Max retries exceeded with url: / (Caused by NewConnectionError('<urllib3.connection.HTTPSConnection object at 0x00000239F5706020>: Failed to establish a new connection: [Errno 11002] getaddrinfo failed'))""),)",,,76.223.21.0/24,AS16509,AMAZON-02,美国华盛顿,亚马逊,Altdns
44,0,0,1,http://ns24.dxy.cm,ns24.dxy.cm,1,ns24.dxy.cm,76.223.21.9,1,0,80,,"(MaxRetryError(""HTTPConnectionPool(host='ns24.dxy.cm', port=80): Max retries exceeded with url: / (Caused by NewConnectionError('<urllib3.connection.HTTPConnection object at 0x00000239F5705930>: Failed to establish a new connection: [Errno 11002] getaddrinfo failed'))""),)",,,76.223.21.0/24,AS16509,AMAZON-02,美国华盛顿,亚马逊,Altdns
35,0,0,1,http://ns3.dxy.cm,ns3.dxy.cm,1,ns3.dxy.cm,13.248.158.159,1,0,80,,"(MaxRetryError(""HTTPConnectionPool(host='ns3.dxy.cm', port=80): Max retries exceeded with url: / (Caused by ConnectTimeoutError(<urllib3.connection.HTTPConnection object at 0x00000239F5731720>, 'Connection to ns3.dxy.cm timed out. (connect timeout=13)'))""),)",,,13.248.158.0/24,AS16509,AMAZON-02,美国华盛顿,亚马逊,Brute
36,0,0,1,https://ns3.dxy.cm,ns3.dxy.cm,1,ns3.dxy.cm,13.248.158.159,1,0,443,,"(MaxRetryError(""HTTPSConnectionPool(host='ns3.dxy.cm', port=443): Max retries exceeded with url: / (Caused by ConnectTimeoutError(<urllib3.connection.HTTPSConnection object at 0x00000239F5732740>, 'Connection to ns3.dxy.cm timed out. (connect timeout=13)'))""),)",,,13.248.158.0/24,AS16509,AMAZON-02,美国华盛顿,亚马逊,Brute
33,0,0,1,http://ns4.dxy.cm,ns4.dxy.cm,1,ns4.dxy.cm,76.223.21.9,1,0,80,,"(MaxRetryError(""HTTPConnectionPool(host='ns4.dxy.cm', port=80): Max retries exceeded with url: / (Caused by ConnectTimeoutError(<urllib3.connection.HTTPConnection object at 0x00000239F55DD8A0>, 'Connection to ns4.dxy.cm timed out. (connect timeout=13)'))""),)",,,76.223.21.0/24,AS16509,AMAZON-02,美国华盛顿,亚马逊,Brute
34,0,0,1,https://ns4.dxy.cm,ns4.dxy.cm,1,ns4.dxy.cm,76.223.21.9,1,0,443,,"(MaxRetryError(""HTTPSConnectionPool(host='ns4.dxy.cm', port=443): Max retries exceeded with url: / (Caused by ConnectTimeoutError(<urllib3.connection.HTTPSConnection object at 0x00000239F5731180>, 'Connection to ns4.dxy.cm timed out. (connect timeout=13)'))""),)",,,76.223.21.0/24,AS16509,AMAZON-02,美国华盛顿,亚马逊,Brute
17,0,0,1,http://ns5.dxy.cm,ns5.dxy.cm,1,ns5.dxy.cm,13.248.158.159,1,0,80,,"(MaxRetryError(""HTTPConnectionPool(host='ns5.dxy.cm', port=80): Max retries exceeded with url: / (Caused by ConnectTimeoutError(<urllib3.connection.HTTPConnection object at 0x00000239F5A09C30>, 'Connection to ns5.dxy.cm timed out. (connect timeout=13)'))""),)",,,13.248.158.0/24,AS16509,AMAZON-02,美国华盛顿,亚马逊,Brute
20,0,0,1,https://ns5.dxy.cm,ns5.dxy.cm,1,ns5.dxy.cm,13.248.158.159,1,0,443,,"(MaxRetryError(""HTTPSConnectionPool(host='ns5.dxy.cm', port=443): Max retries exceeded with url: / (Caused by ConnectTimeoutError(<urllib3.connection.HTTPSConnection object at 0x00000239F5A09570>, 'Connection to ns5.dxy.cm timed out. (connect timeout=13)'))""),)",,,13.248.158.0/24,AS16509,AMAZON-02,美国华盛顿,亚马逊,Brute
6,0,0,1,http://ns6.dxy.cm,ns6.dxy.cm,1,ns6.dxy.cm,76.223.21.9,1,0,80,,"(MaxRetryError(""HTTPConnectionPool(host='ns6.dxy.cm', port=80): Max retries exceeded with url: / (Caused by NewConnectionError('<urllib3.connection.HTTPConnection object at 0x00000239F5732440>: Failed to establish a new connection: [Errno 11002] getaddrinfo failed'))""),)",,,76.223.21.0/24,AS16509,AMAZON-02,美国华盛顿,亚马逊,Brute
7,0,0,1,https://ns6.dxy.cm,ns6.dxy.cm,1,ns6.dxy.cm,76.223.21.9,1,0,443,,"(MaxRetryError(""HTTPSConnectionPool(host='ns6.dxy.cm', port=443): Max retries exceeded with url: / (Caused by NewConnectionError('<urllib3.connection.HTTPSConnection object at 0x00000239F5731C90>: Failed to establish a new connection: [Errno 11002] getaddrinfo failed'))""),)",,,76.223.21.0/24,AS16509,AMAZON-02,美国华盛顿,亚马逊,Brute
31,0,0,1,https://ns7.dxy.cm,ns7.dxy.cm,1,ns7.dxy.cm,13.248.158.159,1,0,443,,"(MaxRetryError(""HTTPSConnectionPool(host='ns7.dxy.cm', port=443): Max retries exceeded with url: / (Caused by ConnectTimeoutError(<urllib3.connection.HTTPSConnection object at 0x00000239F5707B20>, 'Connection to ns7.dxy.cm timed out. (connect timeout=13)'))""),)",,,13.248.158.0/24,AS16509,AMAZON-02,美国华盛顿,亚马逊,Brute
32,0,0,1,http://ns7.dxy.cm,ns7.dxy.cm,1,ns7.dxy.cm,13.248.158.159,1,0,80,,"(MaxRetryError(""HTTPConnectionPool(host='ns7.dxy.cm', port=80): Max retries exceeded with url: / (Caused by ConnectTimeoutError(<urllib3.connection.HTTPConnection object at 0x00000239F5A09EA0>, 'Connection to ns7.dxy.cm timed out. (connect timeout=13)'))""),)",,,13.248.158.0/24,AS16509,AMAZON-02,美国华盛顿,亚马逊,Brute
41,0,0,1,https://ns79.dxy.cm,ns79.dxy.cm,1,ns79.dxy.cm,13.248.158.159,1,0,443,,"(MaxRetryError(""HTTPSConnectionPool(host='ns79.dxy.cm', port=443): Max retries exceeded with url: / (Caused by NewConnectionError('<urllib3.connection.HTTPSConnection object at 0x00000239F5731A20>: Failed to establish a new connection: [Errno 11002] getaddrinfo failed'))""),)",,,13.248.158.0/24,AS16509,AMAZON-02,美国华盛顿,亚马逊,Altdns
42,0,0,1,http://ns79.dxy.cm,ns79.dxy.cm,1,ns79.dxy.cm,13.248.158.159,1,0,80,,"(MaxRetryError(""HTTPConnectionPool(host='ns79.dxy.cm', port=80): Max retries exceeded with url: / (Caused by NewConnectionError('<urllib3.connection.HTTPConnection object at 0x00000239F5731180>: Failed to establish a new connection: [Errno 11002] getaddrinfo failed'))""),)",,,13.248.158.0/24,AS16509,AMAZON-02,美国华盛顿,亚马逊,Altdns
23,0,0,1,https://ns8.dxy.cm,ns8.dxy.cm,1,ns8.dxy.cm,76.223.21.9,1,0,443,,"(MaxRetryError(""HTTPSConnectionPool(host='ns8.dxy.cm', port=443): Max retries exceeded with url: / (Caused by ConnectTimeoutError(<urllib3.connection.HTTPSConnection object at 0x00000239F5705C30>, 'Connection to ns8.dxy.cm timed out. (connect timeout=13)'))""),)",,,76.223.21.0/24,AS16509,AMAZON-02,美国华盛顿,亚马逊,Brute
24,0,0,1,http://ns8.dxy.cm,ns8.dxy.cm,1,ns8.dxy.cm,76.223.21.9,1,0,80,,"(MaxRetryError(""HTTPConnectionPool(host='ns8.dxy.cm', port=80): Max retries exceeded with url: / (Caused by ConnectTimeoutError(<urllib3.connection.HTTPConnection object at 0x00000239F57070A0>, 'Connection to ns8.dxy.cm timed out. (connect timeout=13)'))""),)",,,76.223.21.0/24,AS16509,AMAZON-02,美国华盛顿,亚马逊,Brute
79,0,0,1,http://ns80.dxy.cm,ns80.dxy.cm,1,ns80.dxy.cm,76.223.21.9,1,0,80,,"(MaxRetryError(""HTTPConnectionPool(host='ns80.dxy.cm', port=80): Max retries exceeded with url: / (Caused by ConnectTimeoutError(<urllib3.connection.HTTPConnection object at 0x00000239F439BE20>, 'Connection to ns80.dxy.cm timed out. (connect timeout=13)'))""),)",,,76.223.21.0/24,AS16509,AMAZON-02,美国华盛顿,亚马逊,Altdns
80,0,0,1,https://ns80.dxy.cm,ns80.dxy.cm,1,ns80.dxy.cm,76.223.21.9,1,0,443,,"(MaxRetryError(""HTTPSConnectionPool(host='ns80.dxy.cm', port=443): Max retries exceeded with url: / (Caused by ConnectTimeoutError(<urllib3.connection.HTTPSConnection object at 0x00000239F4398BB0>, 'Connection to ns80.dxy.cm timed out. (connect timeout=13)'))""),)",,,76.223.21.0/24,AS16509,AMAZON-02,美国华盛顿,亚马逊,Altdns
66,0,0,1,http://ns81.dxy.cm,ns81.dxy.cm,1,ns81.dxy.cm,13.248.158.159,1,0,80,,"(MaxRetryError(""HTTPConnectionPool(host='ns81.dxy.cm', port=80): Max retries exceeded with url: / (Caused by ConnectTimeoutError(<urllib3.connection.HTTPConnection object at 0x00000239F57336A0>, 'Connection to ns81.dxy.cm timed out. (connect timeout=13)'))""),)",,,13.248.158.0/24,AS16509,AMAZON-02,美国华盛顿,亚马逊,Altdns
69,0,0,1,https://ns81.dxy.cm,ns81.dxy.cm,1,ns81.dxy.cm,13.248.158.159,1,0,443,,"(MaxRetryError(""HTTPSConnectionPool(host='ns81.dxy.cm', port=443): Max retries exceeded with url: / (Caused by ConnectTimeoutError(<urllib3.connection.HTTPSConnection object at 0x00000239F5704AC0>, 'Connection to ns81.dxy.cm timed out. (connect timeout=13)'))""),)",,,13.248.158.0/24,AS16509,AMAZON-02,美国华盛顿,亚马逊,Altdns
11,0,0,1,http://ns82.dxy.cm,ns82.dxy.cm,1,ns82.dxy.cm,76.223.21.9,1,0,80,,"(MaxRetryError(""HTTPConnectionPool(host='ns82.dxy.cm', port=80): Max retries exceeded with url: / (Caused by NewConnectionError('<urllib3.connection.HTTPConnection object at 0x00000239F55DC7F0>: Failed to establish a new connection: [Errno 11002] getaddrinfo failed'))""),)",,,76.223.21.0/24,AS16509,AMAZON-02,美国华盛顿,亚马逊,Brute
12,0,0,1,https://ns82.dxy.cm,ns82.dxy.cm,1,ns82.dxy.cm,76.223.21.9,1,0,443,,"(MaxRetryError(""HTTPSConnectionPool(host='ns82.dxy.cm', port=443): Max retries exceeded with url: / (Caused by NewConnectionError('<urllib3.connection.HTTPSConnection object at 0x00000239F55DDAB0>: Failed to establish a new connection: [Errno 11002] getaddrinfo failed'))""),)",,,76.223.21.0/24,AS16509,AMAZON-02,美国华盛顿,亚马逊,Brute
71,0,0,1,http://ns83.dxy.cm,ns83.dxy.cm,1,ns83.dxy.cm,104.247.81.52,1,0,80,,"(MaxRetryError(""HTTPConnectionPool(host='ns83.dxy.cm', port=80): Max retries exceeded with url: / (Caused by ConnectTimeoutError(<urllib3.connection.HTTPConnection object at 0x00000239F437B8B0>, 'Connection to ns83.dxy.cm timed out. (connect timeout=13)'))""),)",,,104.247.80.0/23,AS206834,TEAMINTERNET-CA-AS,加拿大安大略温莎,未知,Altdns
75,0,0,1,https://ns83.dxy.cm,ns83.dxy.cm,1,ns83.dxy.cm,104.247.81.52,1,0,443,,"(MaxRetryError(""HTTPSConnectionPool(host='ns83.dxy.cm', port=443): Max retries exceeded with url: / (Caused by ConnectTimeoutError(<urllib3.connection.HTTPSConnection object at 0x00000239F5C595D0>, 'Connection to ns83.dxy.cm timed out. (connect timeout=13)'))""),)",,,104.247.80.0/23,AS206834,TEAMINTERNET-CA-AS,加拿大安大略温莎,未知,Altdns
73,0,0,1,https://ns84.dxy.cm,ns84.dxy.cm,1,ns84.dxy.cm,76.223.21.9,1,0,443,,"(MaxRetryError(""HTTPSConnectionPool(host='ns84.dxy.cm', port=443): Max retries exceeded with url: / (Caused by ConnectTimeoutError(<urllib3.connection.HTTPSConnection object at 0x00000239F439B670>, 'Connection to ns84.dxy.cm timed out. (connect timeout=13)'))""),)",,,76.223.21.0/24,AS16509,AMAZON-02,美国华盛顿,亚马逊,Altdns
77,0,0,1,http://ns84.dxy.cm,ns84.dxy.cm,1,ns84.dxy.cm,76.223.21.9,1,0,80,,"(MaxRetryError(""HTTPConnectionPool(host='ns84.dxy.cm', port=80): Max retries exceeded with url: / (Caused by ConnectTimeoutError(<urllib3.connection.HTTPConnection object at 0x00000239F58475E0>, 'Connection to ns84.dxy.cm timed out. (connect timeout=13)'))""),)",,,76.223.21.0/24,AS16509,AMAZON-02,美国华盛顿,亚马逊,Altdns
74,0,0,1,http://ns85.dxy.cm,ns85.dxy.cm,1,ns85.dxy.cm,13.248.158.159,1,0,80,,"(MaxRetryError(""HTTPConnectionPool(host='ns85.dxy.cm', port=80): Max retries exceeded with url: / (Caused by ConnectTimeoutError(<urllib3.connection.HTTPConnection object at 0x00000239F5A08D00>, 'Connection to ns85.dxy.cm timed out. (connect timeout=13)'))""),)",,,13.248.158.0/24,AS16509,AMAZON-02,美国华盛顿,亚马逊,Altdns
78,0,0,1,https://ns85.dxy.cm,ns85.dxy.cm,1,ns85.dxy.cm,13.248.158.159,1,0,443,,"(MaxRetryError(""HTTPSConnectionPool(host='ns85.dxy.cm', port=443): Max retries exceeded with url: / (Caused by ConnectTimeoutError(<urllib3.connection.HTTPSConnection object at 0x00000239F5A0B580>, 'Connection to ns85.dxy.cm timed out. (connect timeout=13)'))""),)",,,13.248.158.0/24,AS16509,AMAZON-02,美国华盛顿,亚马逊,Altdns
1,0,0,1,http://ns9.dxy.cm,ns9.dxy.cm,1,ns9.dxy.cm,13.248.158.159,1,0,80,,"(MaxRetryError(""HTTPConnectionPool(host='ns9.dxy.cm', port=80): Max retries exceeded with url: / (Caused by NewConnectionError('<urllib3.connection.HTTPConnection object at 0x00000239F55DE9E0>: Failed to establish a new connection: [Errno 11002] getaddrinfo failed'))""),)",,,13.248.158.0/24,AS16509,AMAZON-02,美国华盛顿,亚马逊,Brute
2,0,0,1,https://ns9.dxy.cm,ns9.dxy.cm,1,ns9.dxy.cm,13.248.158.159,1,0,443,,"(MaxRetryError(""HTTPSConnectionPool(host='ns9.dxy.cm', port=443): Max retries exceeded with url: / (Caused by NewConnectionError('<urllib3.connection.HTTPSConnection object at 0x00000239F55DFBB0>: Failed to establish a new connection: [Errno 11002] getaddrinfo failed'))""),)",,,13.248.158.0/24,AS16509,AMAZON-02,美国华盛顿,亚马逊,Brute
49,1,1,1,http://ww22.dxy.cm,ww22.dxy.cm,1,ww22.dxy.cm,104.247.81.52,1,0,80,200,OK,dxy.cm,nginx,104.247.80.0/23,AS206834,TEAMINTERNET-CA-AS,加拿大安大略温莎,未知,Altdns
56,1,1,1,https://ww22.dxy.cm,ww22.dxy.cm,1,ww22.dxy.cm,104.247.81.52,1,0,443,200,OK,dxy.cm,nginx,104.247.80.0/23,AS206834,TEAMINTERNET-CA-AS,加拿大安大略温莎,未知,Altdns
46,1,1,1,http://ww23.dxy.cm,ww23.dxy.cm,1,ww23.dxy.cm,185.53.177.52,1,0,80,200,OK,dxy.cm,nginx,185.53.176.0/22,AS61969,TEAMINTERNET-AS,德国慕尼黑,未知,Altdns
55,1,1,1,https://ww23.dxy.cm,ww23.dxy.cm,1,ww23.dxy.cm,185.53.177.52,1,0,443,200,OK,dxy.cm,nginx,185.53.176.0/22,AS61969,TEAMINTERNET-AS,德国慕尼黑,未知,Altdns
39,0,0,1,http://ww24.dxy.cm,ww24.dxy.cm,1,ww24.dxy.cm,185.53.177.52,1,0,80,,"(MaxRetryError(""HTTPConnectionPool(host='ww24.dxy.cm', port=80): Max retries exceeded with url: / (Caused by NewConnectionError('<urllib3.connection.HTTPConnection object at 0x00000239F5846E60>: Failed to establish a new connection: [Errno 11002] getaddrinfo failed'))""),)",,,185.53.176.0/22,AS61969,TEAMINTERNET-AS,德国慕尼黑,未知,Altdns
40,0,0,1,https://ww24.dxy.cm,ww24.dxy.cm,1,ww24.dxy.cm,185.53.177.52,1,0,443,,"(MaxRetryError(""HTTPSConnectionPool(host='ww24.dxy.cm', port=443): Max retries exceeded with url: / (Caused by NewConnectionError('<urllib3.connection.HTTPSConnection object at 0x00000239F58448B0>: Failed to establish a new connection: [Errno 11002] getaddrinfo failed'))""),)",,,185.53.176.0/22,AS61969,TEAMINTERNET-AS,德国慕尼黑,未知,Altdns
9,1,1,1,http://ww25.dxy.cm,ww25.dxy.cm,1,ww25.dxy.cm,185.53.177.52,1,0,80,200,OK,dxy.cm,nginx,185.53.176.0/22,AS61969,TEAMINTERNET-AS,德国慕尼黑,未知,RapidDNSQuery
13,1,1,1,https://ww25.dxy.cm,ww25.dxy.cm,1,ww25.dxy.cm,185.53.177.52,1,0,443,200,OK,dxy.cm,nginx,185.53.176.0/22,AS61969,TEAMINTERNET-AS,德国慕尼黑,未知,RapidDNSQuery
48,1,1,1,http://ww26.dxy.cm,ww26.dxy.cm,1,ww26.dxy.cm,104.247.81.52,1,0,80,200,OK,dxy.cm,nginx,104.247.80.0/23,AS206834,TEAMINTERNET-CA-AS,加拿大安大略温莎,未知,Altdns
53,1,1,1,https://ww26.dxy.cm,ww26.dxy.cm,1,ww26.dxy.cm,104.247.81.52,1,0,443,200,OK,dxy.cm,nginx,104.247.80.0/23,AS206834,TEAMINTERNET-CA-AS,加拿大安大略温莎,未知,Altdns
45,1,1,1,http://ww27.dxy.cm,ww27.dxy.cm,1,ww27.dxy.cm,104.247.81.52,1,0,80,200,OK,dxy.cm,nginx,104.247.80.0/23,AS206834,TEAMINTERNET-CA-AS,加拿大安大略温莎,未知,Altdns
47,1,1,1,https://ww27.dxy.cm,ww27.dxy.cm,1,ww27.dxy.cm,104.247.81.52,1,0,443,200,OK,dxy.cm,nginx,104.247.80.0/23,AS206834,TEAMINTERNET-CA-AS,加拿大安大略温莎,未知,Altdns
52,1,1,1,http://ww28.dxy.cm,ww28.dxy.cm,1,ww28.dxy.cm,104.247.81.52,1,0,80,200,OK,dxy.cm,nginx,104.247.80.0/23,AS206834,TEAMINTERNET-CA-AS,加拿大安大略温莎,未知,Altdns
54,1,1,1,https://ww28.dxy.cm,ww28.dxy.cm,1,ww28.dxy.cm,104.247.81.52,1,0,443,200,OK,dxy.cm,nginx,104.247.80.0/23,AS206834,TEAMINTERNET-CA-AS,加拿大安大略温莎,未知,Altdns
10,1,1,1,https://www.dxy.cm,www.dxy.cm,1,www.dxy.cm,104.247.81.52,1,0,443,200,OK,dxy.cm,nginx,104.247.80.0/23,AS206834,TEAMINTERNET-CA-AS,加拿大安大略温莎,未知,RapidDNSQuery
16,1,1,1,http://www.dxy.cm,www.dxy.cm,1,www.dxy.cm,104.247.81.52,1,0,80,200,OK,dxy.cm,nginx,104.247.80.0/23,AS206834,TEAMINTERNET-CA-AS,加拿大安大略温莎,未知,RapidDNSQuery
27,1,1,1,https://account.dxy.com,account.dxy.com,1,868f1b60ac01763c-cl2.qcloudzygj.com,81.69.64.111,1,1,443,200,OK,丁香医生|专业健康生活方式平台,,81.69.64.0/18,AS45090,Shenzhen Tencent Computer Systems Company Limited,中国上海上海市,电信,QianXunQuery
28,1,1,1,http://account.dxy.com,account.dxy.com,1,868f1b60ac01763c-cl2.qcloudzygj.com,81.69.64.111,1,1,80,200,OK,丁香医生|专业健康生活方式平台,,81.69.64.0/18,AS45090,Shenzhen Tencent Computer Systems Company Limited,中国上海上海市,电信,QianXunQuery
8,1,1,1,http://ask-grey.dxy.com,ask-grey.dxy.com,1,ask-grey.dxy.com,106.75.70.204,1,1,80,200,OK,'\n\n\n\n\nredirect in 1 second ...\n\n\n',nginx,106.75.64.0/19,AS4808,China Unicom,中国北京北京市,电信,MySSLQuery
11,1,1,1,https://ask-grey.dxy.com,ask-grey.dxy.com,1,ask-grey.dxy.com,106.75.70.204,1,0,443,403,Forbidden,403 Forbidden,nginx,106.75.64.0/19,AS4808,China Unicom,中国北京北京市,电信,MySSLQuery
16,1,1,1,https://ask.dxy.com,ask.dxy.com,1,mnd4sci3.e0.sched.ovscdns.com,23.236.99.89,1,1,443,200,OK,大家都在问|相关问题在线咨询_常见问题_丁香医生,,23.236.99.0/24,AS21859,ZNET,美国德克萨斯达拉斯,层峰网络,IP138Query
17,1,1,1,http://ask.dxy.com,ask.dxy.com,1,mnd4sci3.e0.sched.ovscdns.com,23.236.99.89,1,1,80,200,OK,大家都在问|相关问题在线咨询_常见问题_丁香医生,,23.236.99.0/24,AS21859,ZNET,美国德克萨斯达拉斯,层峰网络,IP138Query
5,1,1,1,http://bbs.dxy.com,bbs.dxy.com,1,"fe.dxy.cn,fe.dxy.cn,fe.dxy.cn","112.124.103.79,121.43.176.163,123.59.77.102","1,1,1",0,80,200,OK,丁香园 - 医学交流社区，分享临床经验、病例讨论、考试科研、求职晋升经验,nginx,"112.124.0.0/17,121.43.0.0/16,123.59.64.0/19","AS37963,AS37963,AS4808","Hangzhou Alibaba Advertising Co. Ltd.,Hangzhou Alibaba Advertising Co. Ltd.,China Unicom","中国浙江省杭州市,中国浙江省杭州市,中国北京北京市","阿里云,阿里云,电信",IP138Query
6,1,1,1,https://bbs.dxy.com,bbs.dxy.com,1,"fe.dxy.cn,fe.dxy.cn,fe.dxy.cn","112.124.103.79,121.43.176.163,123.59.77.102","1,1,1",0,443,200,OK,丁香园 - 医学交流社区，分享临床经验、病例讨论、考试科研、求职晋升经验,nginx,"112.124.0.0/17,121.43.0.0/16,123.59.64.0/19","AS37963,AS37963,AS4808","Hangzhou Alibaba Advertising Co. Ltd.,Hangzhou Alibaba Advertising Co. Ltd.,China Unicom","中国浙江省杭州市,中国浙江省杭州市,中国北京北京市","阿里云,阿里云,电信",IP138Query
29,1,1,1,https://clinic.dxy.com,clinic.dxy.com,1,clinic.dxy.com,106.75.216.226,1,1,443,200,OK,丁香云管家 - 专为基础医疗打造的全方位诊疗系统,,106.75.208.0/20,AS4812,China Telecom (Group),中国上海上海市,电信,IP138Query
30,1,1,1,http://clinic.dxy.com,clinic.dxy.com,1,clinic.dxy.com,106.75.216.226,1,1,80,200,OK,丁香云管家 - 专为基础医疗打造的全方位诊疗系统,,106.75.208.0/20,AS4812,China Telecom (Group),中国上海上海市,电信,IP138Query
19,1,1,1,https://dxmm-ask.dxy.com,dxmm-ask.dxy.com,1,868f1b60ac01763c-cl2.qcloudzygj.com,81.69.64.111,1,1,443,200,OK,大家都在问|相关问题在线咨询_常见问题_丁香医生,,81.69.64.0/18,AS45090,Shenzhen Tencent Computer Systems Company Limited,中国上海上海市,电信,IP138Query
21,1,1,1,http://dxmm-ask.dxy.com,dxmm-ask.dxy.com,1,868f1b60ac01763c-cl2.qcloudzygj.com,81.69.64.111,1,1,80,200,OK,大家都在问|相关问题在线咨询_常见问题_丁香医生,,81.69.64.0/18,AS45090,Shenzhen Tencent Computer Systems Company Limited,中国上海上海市,电信,IP138Query
1,1,1,1,https://dxy.com,dxy.com,0,qeygvb5h.e0.sched.ovscdns.com,23.236.99.89,1,1,443,200,OK,丁香医生|专业健康生活方式平台,,23.236.99.0/24,AS21859,ZNET,美国德克萨斯达拉斯,层峰网络,CertInfo
4,1,1,1,http://dxy.com,dxy.com,0,qeygvb5h.e0.sched.ovscdns.com,23.236.99.89,1,1,80,200,OK,丁香医生|专业健康生活方式平台,,23.236.99.0/24,AS21859,ZNET,美国德克萨斯达拉斯,层峰网络,CertInfo
12,1,1,1,http://dxys-mall.dxy.com,dxys-mall.dxy.com,1,9wx1ymsk.e0.sched.ovscdns.com,23.236.99.89,1,1,80,200,,'   \n\n',nginx,23.236.99.0/24,AS21859,ZNET,美国德克萨斯达拉斯,层峰网络,IP138Query
13,1,1,1,https://dxys-mall.dxy.com,dxys-mall.dxy.com,1,9wx1ymsk.e0.sched.ovscdns.com,23.236.99.89,1,1,443,200,,'   \n\n',nginx,23.236.99.0/24,AS21859,ZNET,美国德克萨斯达拉斯,层峰网络,IP138Query
2,1,1,1,https://m.dxy.com,m.dxy.com,1,868f1b60ac01763c-cl2.qcloudzygj.com,81.69.64.111,1,1,443,200,OK,丁香医生|专业健康生活方式平台,,81.69.64.0/18,AS45090,Shenzhen Tencent Computer Systems Company Limited,中国上海上海市,电信,IP138Query
3,1,1,1,http://m.dxy.com,m.dxy.com,1,868f1b60ac01763c-cl2.qcloudzygj.com,81.69.64.111,1,1,80,200,OK,丁香医生|专业健康生活方式平台,,81.69.64.0/18,AS45090,Shenzhen Tencent Computer Systems Company Limited,中国上海上海市,电信,IP138Query
18,1,1,1,https://mama.dxy.com,mama.dxy.com,1,"m4m10suo.e0.sched.ovscdns.com,m4m10suo.e0.sched.ovscdns.com,m4m10suo.e0.sched.ovscdns.com","101.33.11.32,101.33.11.106,43.152.29.38","1,1,1",1,443,200,,'   \n\n',nginx,"101.33.0.0/16,101.33.0.0/16,43.128.0.0/10","AS131469,AS131469,AS-","Rm.2204 Building 2 Huihuang International Building,Rm.2204 Building 2 Huihuang International Building,-","中国北京北京市,中国北京北京市,澳大利亚","未知,未知,未知",IP138Query
20,1,1,1,http://mama.dxy.com,mama.dxy.com,1,"m4m10suo.e0.sched.ovscdns.com,m4m10suo.e0.sched.ovscdns.com,m4m10suo.e0.sched.ovscdns.com","101.33.11.32,101.33.11.106,43.152.29.38","1,1,1",1,80,200,,'   \n\n',nginx,"101.33.0.0/16,101.33.0.0/16,43.128.0.0/10","AS131469,AS131469,AS-","Rm.2204 Building 2 Huihuang International Building,Rm.2204 Building 2 Huihuang International Building,-","中国北京北京市,中国北京北京市,澳大利亚","未知,未知,未知",IP138Query
24,1,1,1,https://tools.dxy.com,tools.dxy.com,1,mama.dxy.com,81.69.182.31,1,0,443,200,,'   \n\n',nginx,81.69.128.0/18,AS45090,Shenzhen Tencent Computer Systems Company Limited,中国上海上海市,电信,Brute
25,1,1,1,http://tools.dxy.com,tools.dxy.com,1,mama.dxy.com,81.69.182.31,1,0,80,200,,'   \n\n',nginx,81.69.128.0/18,AS45090,Shenzhen Tencent Computer Systems Company Limited,中国上海上海市,电信,Brute
14,0,1,1,https://waf.dxy.com,waf.dxy.com,1,868f1b60ac01763c-cl2.qcloudzygj.com,81.69.64.111,1,0,443,502,Bad Gateway,WAF Server Error,,81.69.64.0/18,AS45090,Shenzhen Tencent Computer Systems Company Limited,中国上海上海市,电信,DnsgrepQuery
15,0,1,1,http://waf.dxy.com,waf.dxy.com,1,868f1b60ac01763c-cl2.qcloudzygj.com,81.69.64.111,1,0,80,502,Bad Gateway,WAF Server Error,,81.69.64.0/18,AS45090,Shenzhen Tencent Computer Systems Company Limited,中国上海上海市,电信,DnsgrepQuery
7,1,1,1,https://web-push.dxy.com,web-push.dxy.com,1,web-push.dxy.com,1.117.136.144,1,0,443,404,,Whitelabel Error Page,nginx,1.116.0.0/15,AS-,-,中国北京北京市,未知,IP138Query
9,1,1,1,http://web-push.dxy.com,web-push.dxy.com,1,web-push.dxy.com,1.117.136.144,1,0,80,404,,Whitelabel Error Page,nginx,1.116.0.0/15,AS-,-,中国北京北京市,未知,IP138Query
23,1,1,1,http://www.dxy.com,www.dxy.com,1,qeygvb5h.e0.sched.ovscdns.com,23.236.99.89,1,1,80,200,OK,丁香医生|专业健康生活方式平台,,23.236.99.0/24,AS21859,ZNET,美国德克萨斯达拉斯,层峰网络,IP138Query
26,1,1,1,https://www.dxy.com,www.dxy.com,1,qeygvb5h.e0.sched.ovscdns.com,23.236.99.89,1,1,443,200,OK,丁香医生|专业健康生活方式平台,,23.236.99.0/24,AS21859,ZNET,美国德克萨斯达拉斯,层峰网络,IP138Query
10,1,1,1,https://yao.dxy.com,yao.dxy.com,1,bz1.dxy.cn,117.50.93.63,1,1,443,200,OK,'\n\n\n\n\nredirect in 1 second ...\n\n\n',nginx,117.50.64.0/19,AS4808,China Unicom,中国北京北京市,电信,IP138Query
22,1,1,1,http://yao.dxy.com,yao.dxy.com,1,bz1.dxy.cn,117.50.93.63,1,1,80,200,OK,丁香园用药助手,"nginx,Next.js",117.50.64.0/19,AS4808,China Unicom,中国北京北京市,电信,IP138Query
